row_id,lane,clause,anchor,binding,code_ref,test_ref,verdict,evidence,finding_id,reviewer,date
P-01,F,Stud neck diameter = 25 mm [ASSUMED],PHASE1_PARAMETERS #1 (src: D-016),,sim/wyzantium_sim/params.py:25,tests/test_params.py::test_entry_matches_committed_doc[p01],CONFORMS,"25.0 mm == PHASE1_PARAMETERS.md:18 (25 mm [ASSUMED], D-016); read from doc myself",,lane:F1,2026-08-11
P-02,F,Stud head diameter = 40 mm [ASSUMED],PHASE1_PARAMETERS #2 (src: D-016),,sim/wyzantium_sim/params.py:26,tests/test_params.py::test_entry_matches_committed_doc[p02],CONFORMS,"40.0 mm == doc:19 (40 mm [ASSUMED], D-016)",,lane:F1,2026-08-11
P-03,F,Stud exposed length = 90 mm [ASSUMED],PHASE1_PARAMETERS #3 (src: D-016),,sim/wyzantium_sim/params.py:27,tests/test_params.py::test_entry_matches_committed_doc[p03],CONFORMS,"90.0 mm == doc:20 (90 mm [ASSUMED], D-016)",,lane:F1,2026-08-11
P-04,F,Funnel mouth diameter = 220 mm [derived],PHASE1_PARAMETERS #4 (src: IS §6),,sim/wyzantium_sim/params.py:28,tests/test_params.py::test_entry_matches_committed_doc[p04],CONFORMS,"220.0 mm == doc:21 (220 mm [derived], IS §6)",,lane:F1,2026-08-11
P-05,F,Funnel throat diameter = 42 mm,PHASE1_PARAMETERS #5 (src: D-016),,sim/wyzantium_sim/params.py:29,tests/test_params.py::test_entry_matches_committed_doc[p05],CONFORMS-WITH-NOTE,"42.0 mm == doc:22 (42 mm, D-016); note: code label 'ASSUMED' where the doc row carries no [ASSUMED] tag; consistent with D-016's provisional-set framing, value exact — metadata only",,lane:F1,2026-08-11
P-06,F,Funnel depth = 180 mm,PHASE1_PARAMETERS #6 (src: D-016),,sim/wyzantium_sim/params.py:30,tests/test_params.py::test_entry_matches_committed_doc[p06],CONFORMS-WITH-NOTE,"180.0 mm == doc:23 (180 mm, D-016); note: same unlabeled-in-doc vs 'ASSUMED'-in-code label note as P-05; value exact",,lane:F1,2026-08-11
P-07,F,Funnel wall half-angle = ≈26° [derived],PHASE1_PARAMETERS #7 (src: IS §6),,sim/wyzantium_sim/params.py:31,tests/test_params.py::test_entry_matches_committed_doc[p07],CONFORMS,26.0° == doc:24 (≈26° [derived]); recomputed atan((110-21)/180)=26.3° — consistent with ≈26,,lane:F1,2026-08-11
P-08,F,Plate envelope = 200 × 200 mm,PHASE1_PARAMETERS #8 (src: D-016),,sim/wyzantium_sim/params.py:32,tests/test_params.py::test_entry_matches_committed_doc[p08],CONFORMS,"(200.0, 200.0) mm == doc:25 (200 × 200 mm, D-016)",,lane:F1,2026-08-11
P-09,F,"Outer tag: size, center = 150 mm at (0, 0, +185) mm stud_frame","PHASE1_PARAMETERS #9 (src: IS §3.2, §3.5)",,sim/wyzantium_sim/params.py:33,tests/test_params.py::test_entry_matches_committed_doc[p09],CONFORMS,"size 150 mm, center (0,0,+185) mm stud_frame == doc:26 (IS §3.2, §3.5)",,lane:F1,2026-08-11
P-10,F,"Inner ring = 8 × 10 mm tags, r = 55 mm, 45° pitch","PHASE1_PARAMETERS #10 (src: IS §3.3, §3.5)",,sim/wyzantium_sim/params.py:36,tests/test_params.py::test_entry_matches_committed_doc[p10],CONFORMS,"8 tags × 10 mm, r=55 mm, 45° pitch == doc:27 (IS §3.3, §3.5)",,lane:F1,2026-08-11
P-11,F,"Collar standoff h_c (layout L-B) = swept [10, 40] mm; observability floor ~8 mm [derived]",PHASE1_PARAMETERS #11 (src: D-016; studies/H08 §3),,sim/wyzantium_sim/params.py:40,tests/test_params.py::test_entry_matches_committed_doc[p11],CONFORMS,"{lo:10, hi:40} mm swept == doc:28; ~8 mm observability floor carried in source string (studies/H08 §3)",,lane:F1,2026-08-11
P-12,F,"Funnel lip band = radial [110, 125] mm",PHASE1_PARAMETERS #12 (src: IS §6),,sim/wyzantium_sim/params.py:43,tests/test_params.py::test_entry_matches_committed_doc[p12],CONFORMS,"{lo:110, hi:125} mm == doc:29 (radial [110,125] mm, IS §6)",,lane:F1,2026-08-11
P-13,F,Contact-physics annulus radius = 160 mm [derived],PHASE1_PARAMETERS #13 (src: IS §6),,sim/wyzantium_sim/params.py:45,tests/test_params.py::test_entry_matches_committed_doc[p13],CONFORMS,"160.0 mm == doc:30 (160 mm [derived], IS §6)",,lane:F1,2026-08-11
P-14,F,Capture plane = head_frame YZ at x = 0,PHASE1_PARAMETERS #14 (src: IS §6),,sim/wyzantium_sim/params.py:46,tests/test_params.py::test_entry_matches_committed_doc[p14],CONFORMS,'head_frame YZ plane at x = 0' == doc:31 (IS §6),,lane:F1,2026-08-11
P-15,F,Kinematic→contact handoff trigger = stud-head center at x = +50 mm,"PHASE1_PARAMETERS #15 (src: IS §6, D-006)",,sim/wyzantium_sim/params.py:48,tests/test_params.py::test_entry_matches_committed_doc[p15],CONFORMS,"50.0 mm == doc:32 (stud-head center at x = +50 mm, IS §6/D-006)",,lane:F1,2026-08-11
P-16,F,"T_stud_plate = (0, 0, +185) mm, identity rotation",PHASE1_PARAMETERS #16 (src: IS §4),,sim/wyzantium_sim/params.py:51,tests/test_params.py::test_entry_matches_committed_doc[p16],CONFORMS,"t=(0,0,+185) mm, identity rotation == doc:38 (IS §4)",,lane:F1,2026-08-11
P-17,F,"Cam A extrinsic = (−50, 0, +140) mm, boresight ∥ +X [ASSUMED]","PHASE1_PARAMETERS #17 (src: IS §4, D-012)",,sim/wyzantium_sim/params.py:54,tests/test_params.py::test_entry_matches_committed_doc[p17],CONFORMS,"t=(-50,0,+140) mm, boresight +X == doc:39 (IS §4, D-012, [ASSUMED])",,lane:F1,2026-08-11
P-18,F,"Cam B extrinsic = (+100, −250, 0) mm, yaw 30° [translations ASSUMED; angle D-…","PHASE1_PARAMETERS #18 (src: IS §4, D-025)",,sim/wyzantium_sim/params.py:57,tests/test_params.py::test_entry_matches_committed_doc[p18],CONFORMS,"t=(+100,-250,0) mm, yaw 30°, band (15,45)° == doc:40; D-025 text confirms 30° and [15°,45°]",,lane:F1,2026-08-11
P-19,F,"f_A (focal, px) = ≈1371 px [derived: 1920/(2·tan 35°)]",PHASE1_PARAMETERS #19 (src: D-012),,sim/wyzantium_sim/params.py:61,tests/test_params.py::test_entry_matches_committed_doc[p19],CONFORMS,1371.0 px == doc:41 (≈1371); recomputed 1920/(2·tan35°)=1371.02,,lane:F1,2026-08-11
P-20,F,"f_B (focal, px) = ≈880 px [derived: 1920/(2·tan 47.5°)]",PHASE1_PARAMETERS #20 (src: D-012),,sim/wyzantium_sim/params.py:63,tests/test_params.py::test_entry_matches_committed_doc[p20],CONFORMS,880.0 px == doc:42 (≈880); recomputed 1920/(2·tan47.5°)=879.68,,lane:F1,2026-08-11
P-21,F,"Capture envelope, position = ±35 mm [ASSUMED]",PHASE1_PARAMETERS #21 (src: D-015),,sim/wyzantium_sim/params.py:66,tests/test_params.py::test_entry_matches_committed_doc[p21],CONFORMS,"35.0 mm == doc:48 (±35 mm [ASSUMED], D-015)",,lane:F1,2026-08-11
P-22,F,"Capture envelope, angle = ±10° [ASSUMED]",PHASE1_PARAMETERS #22 (src: D-015),,sim/wyzantium_sim/params.py:68,tests/test_params.py::test_entry_matches_committed_doc[p22],CONFORMS,"10.0° == doc:49 (±10° [ASSUMED], D-015)",,lane:F1,2026-08-11
P-23,F,"Budget allocations (percep/chassis/mount) = 15/25/3 mm, 3/6/1° — sweep centers ×{0.5, 1, 2}","PHASE1_PARAMETERS #23 (src: IS §5, D-019)",,sim/wyzantium_sim/params.py:70,tests/test_params.py::test_entry_matches_committed_doc[p23],CONFORMS,"(15,25,3) mm, (3,6,1)°, scale (0.5,1,2) == doc:50 (IS §5, D-019)",,lane:F1,2026-08-11
P-24,F,"Approach/tow sector = ±20° cone about stud +X, normative",PHASE1_PARAMETERS #24 (src: D-018),,sim/wyzantium_sim/params.py:75,tests/test_params.py::test_entry_matches_committed_doc[p24],CONFORMS,"20.0° normative == doc:56 (±20° cone about stud +X, D-018)",,lane:F1,2026-08-11
P-25,F,Stage boundaries = outer servo 3 m → 200 mm; inner servo 200 mm → contact,PHASE1_PARAMETERS #25 (src: D-004),,sim/wyzantium_sim/params.py:76,tests/test_params.py::test_entry_matches_committed_doc[p25],CONFORMS,"outer (3.0,0.2) m, inner (0.2,0.0) m == doc:57 (3 m→200 mm; 200 mm→contact, D-004)",,lane:F1,2026-08-11
P-26,F,Stage speeds = swept: 0.5–2.0 / 0.1–0.3 / 0.02–0.15 m/s (defaults 1.0/0.2/…,PHASE1_PARAMETERS #26 (src: IS §9.1),,sim/wyzantium_sim/params.py:79,tests/test_params.py::test_entry_matches_committed_doc[p26],CONFORMS,"ranges 0.5–2.0/0.1–0.3/0.02–0.15 m/s, defaults (1.0,0.2,0.05) == doc:58 and IS §9.1 rows",,lane:F1,2026-08-11
P-27,F,"attempts-per-encounter = {1, 2, 3, 5}, default 3 (arbitrary)","PHASE1_PARAMETERS #27 (src: IS §9.1, D-005)",,sim/wyzantium_sim/params.py:83,tests/test_params.py::test_entry_matches_committed_doc[p27],CONFORMS,"(1,2,3,5) default 3 == doc:59 (IS §9.1, D-005)",,lane:F1,2026-08-11
P-28,F,Retry back-out distance = 300 mm,PHASE1_PARAMETERS #28 (src: D-005),,sim/wyzantium_sim/params.py:85,tests/test_params.py::test_entry_matches_committed_doc[p28],CONFORMS,300.0 mm == doc:60 and D-005 text ('back out 300 mm'),,lane:F1,2026-08-11
P-29,F,"conf_min_attempt = swept {0.50–0.95}, default 0.85 (arbitrary); tradeoff curve…",PHASE1_PARAMETERS #29 (src: D-017),,sim/wyzantium_sim/params.py:87,tests/test_params.py::test_entry_matches_committed_doc[p29],CONFORMS-WITH-NOTE,"code enumerates (0.50,0.60,0.70,0.80,0.85,0.90,0.95) default 0.85; note: doc #29 writes the range '{0.50–0.95}'; cited source D-017 names exactly this 7-point grid — documents-win resolves to the D-017 enumeration; tier1.json matches",,lane:F1,2026-08-11
P-30,F,Insertion commit rule = pose_source = multi_tag_fused (≥2 tags) ∧ stage = inner_ser…,PHASE1_PARAMETERS #30 (src: WIRE_FORMAT; studies/H08),,sim/wyzantium_sim/params.py:90,tests/test_params.py::test_entry_matches_committed_doc[p30],CONFORMS,multi_tag_fused (>=2 tags) AND inner_servo AND conf>=threshold == doc:62; predicate enforcement is lane A territory,,lane:F1,2026-08-11
P-31,F,"Contact friction **μ_contact** (stud/funnel interface — dis… = swept 0.1–0.8, default 0.4 (arbitrary)",PHASE1_PARAMETERS #31 (src: IS §9.1),,sim/wyzantium_sim/params.py:95,tests/test_params.py::test_entry_matches_committed_doc[p31],CONFORMS,"{lo:0.1,hi:0.8} default 0.4 == doc:68; 'distinct from #64 mu_trac (D-028)' carried — symbol split honored",,lane:F1,2026-08-11
P-32,F,"Restitution e = swept 0.1–0.4, default 0.2 (arbitrary)",PHASE1_PARAMETERS #32 (src: IS §9.1),,sim/wyzantium_sim/params.py:97,tests/test_params.py::test_entry_matches_committed_doc[p32],CONFORMS,"{lo:0.1,hi:0.4} default 0.2 == doc:69 (IS §9.1)",,lane:F1,2026-08-11
P-33,F,Solver timestep/stiffness (numerical) = set by recorded convergence procedure: halve timestep until…,PHASE1_PARAMETERS #33 (src: HOLES H-03),,sim/wyzantium_sim/params.py:99,tests/test_params.py::test_entry_matches_committed_doc[p33],CONFORMS,"procedure string == doc:70 (halve timestep until delta<1% over 500-trial probe; logged in trial_header); recorded procedure, executed under F2's probe rows",,lane:F1,2026-08-11
P-34,F,Compliance topology = T1 — rigid steel funnel on compliant instrumented base; rig…,PHASE1_PARAMETERS #34 (src: D-027),,sim/wyzantium_sim/params.py:103,tests/test_params.py::test_entry_matches_committed_doc[p34],CONFORMS,"T1 rigid funnel + 6-DOF spring-damper + hard stops, RATIFIED 2026-08-02 == doc:71 and D-027",,lane:F1,2026-08-11
P-35,F,"Compliance stiffness k = swept log grid {1, 3, 10, 30, 70} N/mm over the derived env…",PHASE1_PARAMETERS #35 (src: D-026; studies/H04 §4),,sim/wyzantium_sim/params.py:108,tests/test_params.py::test_entry_matches_committed_doc[p35],CONFORMS,"(1,3,10,30,70) N/mm, no default == doc:72 and D-026; IS §9.1 lists no default for k — code None matches",,lane:F1,2026-08-11
P-36,F,"Head effective mass M_eff = swept {8, 15, 30} kg class range",PHASE1_PARAMETERS #36 (src: D-026),,sim/wyzantium_sim/params.py:111,tests/test_params.py::test_entry_matches_committed_doc[p36],CONFORMS-WITH-NOTE,"(8,15,30) kg == doc:73; note: doc #36 names no default; code default 15.0 sourced from IS §9.1's M_eff row (default 15), cited in code — consistent, not a deviation",,lane:F1,2026-08-11
P-37,F,"Perception rate = {10, 30, 60} Hz, default 30",PHASE1_PARAMETERS #37 (src: IS §9.1),,sim/wyzantium_sim/params.py:114,tests/test_params.py::test_entry_matches_committed_doc[p37],CONFORMS,"(10,30,60) Hz default 30 == doc:79 (IS §9.1)",,lane:F1,2026-08-11
P-38,F,"Perception latency = {10, 30, 100} ms, default 30",PHASE1_PARAMETERS #38 (src: IS §9.1),,sim/wyzantium_sim/params.py:116,tests/test_params.py::test_entry_matches_committed_doc[p38],CONFORMS,"(10,30,100) ms default 30 == doc:80 (IS §9.1)",,lane:F1,2026-08-11
P-39,F,Detection-probability model = Literature anchors per `research/data/perception_prior.md`*…,PHASE1_PARAMETERS #39 (src: perception_prior.md; D-008-R),,sim/wyzantium_sim/params.py:118,tests/test_params.py::test_entry_matches_committed_doc[p39],CONFORMS,anchors-per-perception_prior + view-angle-shape-swept string == doc:81 essentials; curve realization is lane B,,lane:F1,2026-08-11
P-40,F,Pose covariance = Generated from **swept corner-noise class value σ_px ∈ {0.3…,PHASE1_PARAMETERS #40 (src: perception_prior.md; MEASUREMENT_REQUES…),,sim/wyzantium_sim/scenarios.py:16,tests/test_params.py::test_entry_matches_committed_doc[p40],NOT-REALIZED,"Transcription exact ((0.3,0.5,1.0) default 0.5, params.py:124) but the sweep is unreachable: sigma_px absent from SWEEP_AXES, build_sweep_point rejects it, tier1/tier2 JSONs omit it, trial.py:144 pins PARAMS[40].default; note: trial.py:32-34 self-flags a 'pre-existing axis-list gap, flagged for a recorded amendment' — no D-xxx or HOLES entry records it, unlike H-17's D-032(e) treatment; finding filed",,lane:F1,2026-08-11
P-41,F,"Mud model = P_mask(f)·max(0, 1−f/f_c), f_c ∈ {0.6, 0.8, 1.0}",PHASE1_PARAMETERS #41 (src: D-023),,sim/wyzantium_sim/params.py:127,tests/test_params.py::test_entry_matches_committed_doc[p41],CONFORMS-WITH-NOTE,"form P_mask(f)·max(0,1−f/f_c), f_c (0.6,0.8,1.0) == doc:83 and D-023; note: default 0.8 not in doc #41; sourced from IS §9.1 mud f_c row (default 0.8), cited in code — consistent",,lane:F1,2026-08-11
P-42,F,"Flip model = studies/H08 §4; κ ∈ {0.5, 1, 2}",PHASE1_PARAMETERS #42 (src: studies/H08),,sim/wyzantium_sim/params.py:131,tests/test_params.py::test_entry_matches_committed_doc[p42],CONFORMS-WITH-NOTE,"κ (0.5,1.0,2.0) == doc:84 (studies/H08 §4); note: default 1.0 not in doc #42; IS §9.1 flip-κ row names default 1, cited in code — consistent",,lane:F1,2026-08-11
P-43,F,"Dropout = Bernoulli p ∈ {0, .05, .1, .2, .3} + burst (geometric, mean…",PHASE1_PARAMETERS #43 (src: IS §9),,sim/wyzantium_sim/params.py:133,tests/test_params.py::test_entry_matches_committed_doc[p43],CONFORMS,"Bernoulli p (0,.05,.1,.2,.3) + geometric burst mean 5 == doc:85 and IS §9 dropout row",,lane:F1,2026-08-11
P-44,F,Lens contamination (Cam B) = 0–50% aperture area,PHASE1_PARAMETERS #44 (src: IS §9),,sim/wyzantium_sim/params.py:137,tests/test_params.py::test_entry_matches_committed_doc[p44],CONFORMS,"{lo:0,hi:0.5} == doc:86 (0–50% aperture, Cam B); EXT coverage label carried",,lane:F1,2026-08-11
P-45,F,Rain proxy = contrast + droplet occlusion 0–30%,PHASE1_PARAMETERS #45 (src: IS §9),,sim/wyzantium_sim/params.py:139,tests/test_params.py::test_entry_matches_committed_doc[p45],CONFORMS,"{lo:0,hi:0.3} == doc:87 (contrast + droplet occlusion 0–30%)",,lane:F1,2026-08-11
P-46,F,Partial destruction = per-tag knockout over sampled 2⁹,PHASE1_PARAMETERS #46 (src: IS §9),,sim/wyzantium_sim/params.py:141,tests/test_params.py::test_entry_matches_committed_doc[p46],CONFORMS,per-tag knockout over sampled 2^9 == doc:88; tier1.json singles grid + tier2.json int 0–511 realize it,,lane:F1,2026-08-11
P-47,F,"Illuminance grid = {1, 2, 5, 10, 50, 100, 10³, 10⁴} lux",PHASE1_PARAMETERS #47 (src: IS §9),,sim/wyzantium_sim/params.py:144,tests/test_params.py::test_entry_matches_committed_doc[p47],CONFORMS,"(1,2,5,10,50,100,1000,10000) lux == doc:89 ({1,2,5,10,50,100,10³,10⁴})",,lane:F1,2026-08-11
P-48,F,"Occlusion grids = outer 0–70%, inner 0–90%, 10% steps, independent",PHASE1_PARAMETERS #48 (src: IS §9),,sim/wyzantium_sim/params.py:146,tests/test_params.py::test_entry_matches_committed_doc[p48],CONFORMS,"outer 0–0.7, inner 0–0.9, step 0.1, independent == doc:90 and IS §9 occlusion rows",,lane:F1,2026-08-11
P-49,F,Host pitch/roll = ±20° uniform,"PHASE1_PARAMETERS #49 (src: IS §9, D-024)",,sim/wyzantium_sim/params.py:151,tests/test_params.py::test_entry_matches_committed_doc[p49],CONFORMS-WITH-NOTE,"±20° uniform == doc:96 (IS §9, D-024); sweep_point carries host_pitch_deg/host_roll_deg; note: harness realization is the recorded open hole H-17 (D-032(e) excluded both tiers on the record); owned by lane D row H-17 — no new finding from this lane",,lane:F1,2026-08-11
P-50,F,DOE Tier 1 = one-factor marginal grids at nominal elsewhere,PHASE1_PARAMETERS #50 (src: D-021),,sim/wyzantium_sim/params.py:153,tests/test_params.py::test_entry_matches_committed_doc[p50],CONFORMS,'one-factor marginal grids at nominal elsewhere' == doc:97 and D-021; tier realization is F2's sweep,,lane:F1,2026-08-11
P-51,F,"DOE Tier 2 = LHS, N ≥ 4,000 joint",PHASE1_PARAMETERS #51 (src: D-021),,sim/wyzantium_sim/params.py:155,tests/test_params.py::test_entry_matches_committed_doc[p51],CONFORMS,"4000 == doc:98 (LHS N ≥ 4,000, D-021); tier2.json n_min 4000 agrees",,lane:F1,2026-08-11
P-52,F,DOE Tier 3 = failure-replay set (A-007 artifacts),PHASE1_PARAMETERS #52 (src: D-021),,sim/wyzantium_sim/params.py:157,tests/test_params.py::test_entry_matches_committed_doc[p52],CONFORMS,'failure-replay set (A-007 artifacts)' == doc:99 (D-021),,lane:F1,2026-08-11
P-53,F,"Total trials = ≥ 10,000","PHASE1_PARAMETERS #53 (src: MASTER_CONTEXT Phase 1, D-021)",,sim/wyzantium_sim/params.py:159,tests/test_params.py::test_entry_matches_committed_doc[p53],CONFORMS,"10000 == doc:100 (≥10,000, MASTER_CONTEXT/D-021); D-038 totals 13,400 ≥ 10,000",,lane:F1,2026-08-11
P-54,F,"Latch predicate = 3 mm radial @ engagement depth, ≤0.1 m/s, 100 ms",PHASE1_PARAMETERS #54 (src: D-020),,sim/wyzantium_sim/params.py:161,tests/test_params.py::test_entry_matches_committed_doc[p54],CONFORMS,"radial 3 mm, ≤0.1 m/s, 100 ms == doc:101 and D-020; predicate enforcement is lane C territory",,lane:F1,2026-08-11
P-55,F,"Encounter time budget T = {5, 15, 30} min, default 15 (arbitrary)",PHASE1_PARAMETERS #55 (src: D-022),,sim/wyzantium_sim/params.py:164,tests/test_params.py::test_entry_matches_committed_doc[p55],CONFORMS,"(5,15,30) min default 15 == doc:102 and D-022",,lane:F1,2026-08-11
P-56,F,Success definition = D-020 within attempts ∧ t ≤ T; first/multi-attempt reported…,"PHASE1_PARAMETERS #56 (src: D-022, D-005)",,sim/wyzantium_sim/params.py:166,tests/test_params.py::test_entry_matches_committed_doc[p56],CONFORMS,"D-020 within attempt budget AND t<=T; first/multi reported separately == doc:103 (D-022, D-005)",,lane:F1,2026-08-11
P-57,F,Outcome classes = success \,PHASE1_PARAMETERS #57 (src: IS8-1…IS8-18 \),,sim/wyzantium_sim/params.py:170,tests/test_params.py::test_entry_matches_committed_doc[p57],CONFORMS,success + IS8-1..IS8-18 + clean_miss (20 classes) == doc:104 incl. the H-15 row-17 and D-033 row-18 revisions,,lane:F1,2026-08-11
P-58,F,Trial record schema = header/state/result per WIRE_FORMAT,PHASE1_PARAMETERS #58 (src: WIRE_FORMAT),,sim/wyzantium_sim/params.py:175,tests/test_params.py::test_entry_matches_committed_doc[p58],CONFORMS,'header/state/result per WIRE_FORMAT' == doc:105; schema enforcement is lane E,,lane:F1,2026-08-11
P-59,F,sim_truth logging rate = every physics step post-handoff; every kinematic step pre-h…,PHASE1_PARAMETERS #59 (src: WIRE_FORMAT),,sim/wyzantium_sim/params.py:177,tests/test_params.py::test_entry_matches_committed_doc[p59],CONFORMS,'every physics step post-handoff; every kinematic step pre-handoff' == doc:106; #59 cadence enforcement is lane E (T8 gate),,lane:F1,2026-08-11
P-60,F,Seed policy = single RNG root per trial in `trial_header`; all streams de…,PHASE1_PARAMETERS #60 (src: WIRE_FORMAT),,sim/wyzantium_sim/params.py:180,tests/test_params.py::test_entry_matches_committed_doc[p60],CONFORMS,'single RNG root per trial in trial_header; all streams derive' == doc:107; substream discipline is lane B/D (rng.py),,lane:F1,2026-08-11
P-61,F,"Compute decision test = 1,000-trial representative workload, cloud CPU vs GPU spot,…","PHASE1_PARAMETERS #61 (src: ARCHITECTURE §5, A-004)",,sim/wyzantium_sim/params.py:183,tests/test_params.py::test_entry_matches_committed_doc[p61],CONFORMS,"1,000-trial workload, CPU vs GPU spot, $/1k, both committed == doc:108; execution status (CPU-leg waiver) is row A5-1, lane F2",,lane:F1,2026-08-11
P-62,F,"Jam-detection thresholds (IS8-17) = swept, defaults arbitrary: F_ax_jam {50, 100, 200} N; F_lat…","PHASE1_PARAMETERS #62 (src: IS §8 row 17, D-027)",,sim/wyzantium_sim/params.py:187,tests/test_params.py::test_entry_matches_committed_doc[p62],CONFORMS-WITH-NOTE,"F_ax (50,100,200) N; F_lat (10,25) N; t (0.5,1,2) s == doc:109; note: doc says 'swept'; trial.py:153-156 pins mid-grid (100,25,1) labeled interim 'until #62 joins the sweep axes' — same axis-list gap family as P-40, but the doc itself defers to a Phase 1 week-one recorded recalibration",,lane:F1,2026-08-11
P-63,F,"k feasibility window and mask — **emits data, not verdicts*… = Per-class window [k_min, k_max], tuple order (μ_trac, m_rv)…",PHASE1_PARAMETERS #63 (src: D-028; studies/H04 Addendum A1),,sim/wyzantium_sim/params.py:193,tests/test_params.py::test_entry_matches_committed_doc[p63],CONFORMS,"k_max/k_min semantics, emits-data-not-verdicts, tuple order, pinned check (0.2,300)→17 N/mm == doc:110 and D-028; recomputed 0.2·300·9.81/35 = 16.82 ≈ 17",,lane:F1,2026-08-11
P-64,F,"Recovery-vehicle traction coefficient **μ_trac** (mud; dist… = swept {0.2, 0.35, 0.5}",PHASE1_PARAMETERS #64 (src: studies/H04 Addendum A1; D-028),,sim/wyzantium_sim/params.py:202,tests/test_params.py::test_entry_matches_committed_doc[p64],CONFORMS,"(0.2,0.35,0.5) == doc:111; 'distinct from #31 mu_contact' carried per D-028 symbol rule",,lane:F1,2026-08-11
P-65,F,"Recovery-vehicle mass **m_rv** (distinct from #36 head effe… = swept {300, 500, 800} kg — class range, independent of the …",PHASE1_PARAMETERS #65 (src: studies/H04 Addendum A1; D-028),,sim/wyzantium_sim/params.py:205,tests/test_params.py::test_entry_matches_committed_doc[p65],CONFORMS,"(300.0,500.0,800.0) kg == doc:112; 'independent of the target's 500 kg' carried",,lane:F1,2026-08-11
IS8-01,A,Outer tag partially occluded — detect: Detection dropout / reprojection error rise; `degradation.occlusion_est`,INTERFACE_SPEC §8 row 1,,sim/wyzantium_sim/guidance/machine.py:201,tests/test_guidance.py::TestRow1OuterOcclusion::test_inner_hold_timeout_escalates,CONFORMS,"Hold/reacquire below conf_min, escalate low_confidence on HOLD_TIMEOUT_S wall; D-035 ratified the inner-range scoping (outer-range detected low-conf frame continues, tested).",,lane:A,2026-08-11
IS8-02,A,Outer tag destroyed — detect: No ID-0 detection at expected range while mission context confirms target,INTERFACE_SPEC §8 row 2,,sim/wyzantium_sim/guidance/machine.py:193,tests/test_guidance.py::TestRow2OuterDestroyed::test_sustained_darkness_escalates_with_imagery,CONFORMS-WITH-NOTE,"D-034 dark window realized (blip holds, 5s darkness escalates, detection resets); classifier IS8-2 requires zero ID-0 whole-approach (outcomes.py:176); e2e test_trial saturated-dropout case.; note: Stale _hold_since across attempts (F-A01) can turn a fresh attempt's single blip into terminal escalation. POLICY_CLOSE_WITHOUT_OUTER=False is the labeled conservative default for the 'if commanded policy allows' arm.",,lane:A,2026-08-11
IS8-03,A,Inner ring occluded — detect: < 2 inner tags decoded inside 300 mm — the insertion commit rule requires ≥ 2 f…,INTERFACE_SPEC §8 row 3,,sim/wyzantium_sim/guidance/machine.py:161,tests/test_guidance.py::TestRow3InnerOccluded::test_sustained_ring_absence_aborts_and_retries,CONFORMS-WITH-NOTE,"<2 inner inside 300mm aborts only after the D-036 5s window; reset on >=2-inner frame tested; abort_reason inner_ring_absent; escalate after budget tested; sub-handoff jitter never aborts (tested).; note: Within one approach conforms; _ring_absent_since carries across D-005 attempts (F-A01, filed on D-036 row) so a retry's first gap frame can abort without 5s of absence in that approach.",,lane:A,2026-08-11
IS8-04,A,Inner ring destroyed — detect: Outer pose OK; zero inner detections at handoff range,INTERFACE_SPEC §8 row 4,,sim/wyzantium_sim/guidance/machine.py:169,tests/test_guidance.py::TestRow4InnerDestroyed::test_zero_inner_at_handoff_range_never_attempts,CONFORMS,"Zero inner + outer pose OK + conf>=min at <=100mm escalates inner_ring_absent without consuming an attempt (test asserts attempt_n==1, D-013); classifier IS8-4 on escalation reason (outcomes.py:179).",,lane:A,2026-08-11
IS8-05,A,Pose ambiguity flip — detect: `tags[].ambiguity_flag`; inter-tag or Cam A/B pose disagreement,INTERFACE_SPEC §8 row 5,,sim/trial.py:206,tests/test_guidance.py::TestRow5AmbiguityFlip,DEVIATES,"Machine side conforms (reject flagged frame, inner-scoped 5-frame streak, reset; frame-count persistence ratified 'unchanged' by D-035). But trial.py latches commit_line from gate.commit_allowed ignoring the machine's reject_frame, and gate.py has no ambiguity conjunct — finding F-A02.",,lane:A,2026-08-11
IS8-06,A,Stud bent — detect: Vision pose nominal but contact wrench profile inconsistent with funnel model (…,INTERFACE_SPEC §8 row 6,,sim/wyzantium_sim/classify/outcomes.py:158,tests/test_outcomes.py::TestOneTracePerClass::test_canonical_trace_maps_to_its_class[IS8-6],CONFORMS-WITH-NOTE,Classifier row realized/tested; 'no Phase 1 producer' verified: grep finds no setter of stud_wrench_inconsistent outside classify/tests. Non-production documented in committed FAILURE_TAXONOMY.,,lane:A,2026-08-11
IS8-07,A,Stud sheared / missing — detect: Inner-ring pose OK; no contact where stud expected,INTERFACE_SPEC §8 row 7,,sim/wyzantium_sim/classify/outcomes.py:164,tests/test_outcomes.py::TestOneTracePerClass::test_canonical_trace_maps_to_its_class[IS8-7],CONFORMS-WITH-NOTE,"Classifier row realized/tested; no_contact_at_expected_depth has no producer (grep-verified), labeled in committed taxonomy.",,lane:A,2026-08-11
IS8-08,A,Plate detached / shifted — detect: Inter-tag transforms violate §3.5 calibration beyond mount tolerance,INTERFACE_SPEC §8 row 8,,sim/wyzantium_sim/classify/outcomes.py:155,tests/test_outcomes.py::TestOneTracePerClass::test_canonical_trace_maps_to_its_class[IS8-8],CONFORMS-WITH-NOTE,"Classifier row realized/tested; constellation_violated has no producer (grep-verified), labeled in committed taxonomy.",,lane:A,2026-08-11
IS8-09,A,Funnel packed with debris — detect: Insertion force spike without latch confirm,INTERFACE_SPEC §8 row 9,,sim/wyzantium_sim/classify/outcomes.py:161,tests/test_outcomes.py::TestOneTracePerClass::test_canonical_trace_maps_to_its_class[IS8-9],CONFORMS-WITH-NOTE,"Classifier row realized/tested; insertion_force_spike_blunt has no producer (grep-verified), labeled in committed taxonomy.",,lane:A,2026-08-11
IS8-10,A,Latch fails to engage — detect: No latch-confirm after full insertion stroke,INTERFACE_SPEC §8 row 10,,sim/wyzantium_sim/classify/outcomes.py:167,tests/test_outcomes.py::TestPrecedencePairs::test_earlier_row_wins[IS8-17-over-IS8-10],CONFORMS,"Requires runner full_stroke observable (D-020 positional: depth AND radial), not mere contact, per D-033 tightening; jam-at-depth outranks (pair tested); IS8-10-over-IS8-18 pair tested.",,lane:A,2026-08-11
IS8-11,A,"Latch engages, does not lock — detect: Intermittent confirm signal",INTERFACE_SPEC §8 row 11,,sim/wyzantium_sim/classify/outcomes.py:140,tests/test_outcomes.py::TestOneTracePerClass::test_canonical_trace_maps_to_its_class[IS8-11],CONFORMS-WITH-NOTE,"Pre-success position (else unreachable) tested via pair IS8-11-over-success; latch_confirm_intermittent has no producer (grep-verified), labeled.",,lane:A,2026-08-11
IS8-12,A,"Latch locks, will not release — detect: Post-mission release fails",INTERFACE_SPEC §8 row 12,,sim/wyzantium_sim/classify/outcomes.py:143,tests/test_outcomes.py::TestPrecedencePairs::test_earlier_row_wins[IS8-11-over-IS8-12],CONFORMS-WITH-NOTE,"Position after IS8-11 (no-lock forbids tow) and before success tested; release_failed has no producer (grep-verified), labeled.",,lane:A,2026-08-11
IS8-13,A,Host frame member deformed — detect: Plate pose skewed beyond §7 mounting assumptions; contact/vision mismatch,INTERFACE_SPEC §8 row 13,,sim/wyzantium_sim/classify/outcomes.py:152,tests/test_outcomes.py::TestPrecedencePairs::test_earlier_row_wins[IS8-13-over-IS8-8],CONFORMS-WITH-NOTE,"Global-before-local contact-anomaly ordering tested; plate_skew_exceeded has no producer (grep-verified), labeled.",,lane:A,2026-08-11
IS8-14,A,Wrong-ID decode — detect: Decoded ID outside expected variant block (§3.4),INTERFACE_SPEC §8 row 14,,sim/wyzantium_sim/classify/outcomes.py:182,tests/test_outcomes.py::TestPrecedencePairs::test_earlier_row_wins[IS8-14-over-IS8-5],CONFORMS-WITH-NOTE,"Position 15 before IS8-5 tested; wrong_id_persistent has no producer (grep-verified), labeled. Frame-level wrong-ID rejection basis is ISS-03 (lane B).",,lane:A,2026-08-11
IS8-15,A,Comms loss mid-attempt — detect: Link monitor,INTERFACE_SPEC §8 row 15,,sim/wyzantium_sim/classify/outcomes.py:9,tests/test_outcomes.py::TestIS815Excluded::test_table_covers_every_wire_outcome_except_comms,CONFORMS,Deliberately absent from the table (nominal per IS row 15/REQ-005/D-030); stays in wire enum (test_wire_enum_still_carries_is8_15); comms-lost trial classifies by its attempt (tested).,,lane:A,2026-08-11
IS8-16,A,"Lip strike (added 2026-08-01 with the annulus der… — detect: Contact wrench in the lip band [110, 125] mm before capture-plane crossing",INTERFACE_SPEC §8 row 16,,sim/wyzantium_sim/classify/outcomes.py:137,tests/test_outcomes.py::TestFalseCapture::test_striking_leg_latch_is_false_capture,CONFORMS,"First row, outranks even a latch (pair IS8-16-over-success tested); false_capture = striking leg's own latch only, recovered latch scores IS8-16/False (both tested). Lip-band production is lane C (runner.lip_strike).",,lane:A,2026-08-11
IS8-17,A,"Jam at the throat (added 2026-08-02, D-027) — detect: Axial contact force > F_ax_jam ∧ \",INTERFACE_SPEC §8 row 17,,sim/wyzantium_sim/classify/outcomes.py:149,tests/test_outcomes.py::TestPrecedencePairs::test_earlier_row_wins[IS8-17-over-IS8-10],CONFORMS-WITH-NOTE,"Jam classification at position 5, never folded into generic insertion failure (pairs 16/17, success/17, 17/5, 17/1, 17/10, 17/18 tested); jam_detected in _KNOWN_ABORTS; criterion realization is lane C.; note: trial.py:153 pins #62 thresholds at the mid-grid cell ('until #62 joins the sweep axes', labeled interim) while PHASE1_PARAMETERS #62 says swept; no D-032(e)-style recorded exclusion found — cross-ref lane F row P-62.",,lane:A,2026-08-11
IS8-18,A,Insertion incomplete at encounter budget (added 2… — detect: Attempt reached the capture plane; the insertion window ended on the encounter …,INTERFACE_SPEC §8 row 18,,sim/wyzantium_sim/classify/outcomes.py:171,tests/test_outcomes.py::TestPrecedencePairs::test_earlier_row_wins[IS8-10-over-IS8-18],CONFORMS,"D-033 realized: AttemptEnd.timed_out from contact runner (trial.py:299), position 12 after IS8-10 / before perception rows (pairs tested); e2e tests/test_trial.py::test_budget_truncated_insertion_is_is8_18.",,lane:A,2026-08-11
D-001,F,Mating principle is split,DECISIONS.md D-001,,DECISIONS.md:12,,CONFORMS,"Design-principle row, untestable-by-nature in Phase 1 code; its geometric consequence (funnel+latch head vs stud+plate target) is realized via the D-016 dimension set whose transcription is lane F1's P-01..P-16.; note: Doc-only row.",,lane:F2,2026-08-11
D-002,F,Heritage is claimed through the mounting boss and load path only,DECISIONS.md D-002,,DECISIONS.md:19,,CONFORMS,Untestable-by-nature (naming/heritage discipline). grep of sim/wyzantium_sim and sim/scenarios finds no 'pintle' usage for the target-side feature; code consistently uses 'stud'.; note: Doc-only row.,,lane:F2,2026-08-11
D-003,F,"Preliminary latch load rating: 15 kN design~~ — superseded by D-003-R, 2026-08-01",DECISIONS.md D-003,,DECISIONS.md:26,,N/A-SUPERSEDED,"Struck through in DECISIONS.md with explicit successor pointer 'superseded by D-003-R, 2026-08-01' and a why-superseded paragraph; D-003-R present at DECISIONS.md:33. Pass-through confirmed.",,lane:F2,2026-08-11
D-003-R,F,Two load ratings: latch tension and stud neck bending,DECISIONS.md D-003-R,,DECISIONS.md:33,,CONFORMS,Untestable-by-nature in Phase 1 sim (static Phase-2 structural ratings). Arithmetic re-verified in venv: 15 kN·sin20°=5.130 kN; x90 mm=461.7 N·m ~= 462; SF = pi·d^3/32·655MPa / 461.7 = 2.18 ~= 2.2 as stated.,,lane:F2,2026-08-11
D-017,A,"Confidence threshold is a swept parameter, and its sweep is a deliverable",DECISIONS.md D-017,,sim/wyzantium_sim/guidance/gate.py:57,tests/test_guidance.py::TestCommitPredicate::test_conf_exactly_at_threshold_commits,CONFORMS,conf_min is a parameter everywhere (gate arg; machine ctor; fed from sweep_point conf_min_attempt at trial.py:149); equality commits (< comparison); 0.85 appears only as labeled defaults. Tradeoff-curve deliverable is analysis-side (lane F2).,,lane:A,2026-08-11
D-018,A,Approach and tow sector: ±20° about the stud axis (normative),DECISIONS.md D-018,,sim/wyzantium_sim/guidance/gate.py:70,tests/test_guidance.py::TestHeadingSector::test_sector_boundary,CONFORMS-WITH-NOTE,"±20° cone about stud +X from T_head_stud alone, anti-parallel nominal 0°; boundary pinned at 19.9 commit / 20.1 refuse; exactly 20.0 passes ('within' inclusive reading).; note: Sector enforced at commit on every attempt incl. D-005 retry-offset approaches (gate re-checked per frame); approach-path heading itself is lane D. A flipped pose has ~identical heading (verified), so the sector check is no ambiguity backstop — see F-A02.",,lane:A,2026-08-11
D-019,D,Chassis positioning error model (form decided; magnitudes swept),DECISIONS.md D-019,,sim/wyzantium_sim/kinematic/chassis_error.py:64,tests/test_chassis_error.py::test_scale_sweep_is_exact_proportionality,CONFORMS-WITH-NOTE,"GM bias (2 m) + white jitter + Poisson slips w/ exponential magnitude, 1-D over distance, one model per axis; x{0.5,1,2} is exact proportionality; slips persist then wash out via GM re-correction. Statistical gates tested.; note: Sub-clause '(correlation length 2 m, swept)' unrealized anywhere (finding 3, class E). Bias/jitter/slip split labeled arbitrary — permitted, committed nowhere.",,lane:D,2026-08-11
D-020,C,Latch success predicate (sim),DECISIONS.md D-020,,sim/wyzantium_sim/contact/runner.py:124,tests/test_contact_runner.py::TestCenteredHandoffLatches::test_latches_within_budget,CONFORMS-WITH-NOTE,"Predicate transcribed exactly via params #54 (3 mm radial, 0.1 m/s, 100 ms) with hold-reset semantics; radial measured against the throat axis displaced by funnel_t_mm; hold accumulates only while position AND speed hold, resets otherwise.; note: Labeled arbitrary: 'engagement depth' has no committed number (ENGAGEMENT_DEPTH_X_MM=-200, runner.py:51, recorded in docstring); speed test uses |v|, stricter than D-020's literal 'closing speed' component.",,lane:C,2026-08-11
D-021,F,Phase 1 sweep design (DOE),DECISIONS.md D-021,,sim/wyzantium_sim/doe/tiers.py:79,tests/test_doe_tiers.py::TestTier1Cells::test_cell_count_matches_the_arithmetic,CONFORMS,"Tier shapes match generators: 88 marginal cells x50 = 4,400; Tier-2 LHS n_min 4,000 (stratification tested); Tier-3 replay set exists (4 classes). 4400+4000+5000 = 13,400 >= 10,000 per MANIFEST; cell arithmetic independently re-summed (108-21+1=88).",,lane:F2,2026-08-11
D-022,F,Success definition,DECISIONS.md D-022,,sim/wyzantium_sim/classify/outcomes.py:146,tests/test_outcomes.py::TestCanonicalTraces::test_canonical_trace_maps_to_its_class[success],CONFORMS,"success = any D-020 latch within attempt budget; t<=T structural (trial.py loop never runs past budget; contact capped at remaining budget). T swept {5,15,30} in tier1.json; first/multi splits separate in curves.attempt_splits, freeze_summary, index.json.",,lane:F2,2026-08-11
D-023,B,Interim mud-degradation model (until MR-001),DECISIONS.md D-023,,sim/wyzantium_sim/perception/mud.py:12,tests/test_perception_models.py::test_mud_formula_is_d023,CONFORMS-WITH-NOTE,"Exact committed form P_mask(f)·max(0,1−f/f_c); P_mask=1−f stand-in labeled EXT with corpus gap documented; monotone-conservative pinned; f_c swept via SWEEP_AXES. Occlusion axes feeding f is per IS §9 ('Mud occlusion, outer/inner').; note: D-023's parenthetical (f_c=1.0 degenerates to the mask model) is false under the product form — finding 4, doc-side erratum; code faithful.",,lane:B,2026-08-11
D-024,D,"Host integration envelope (requirements WyZantium levies, not facts)",DECISIONS.md D-024,,DECISIONS.md D-024 (doc row),,CONFORMS-WITH-NOTE,"Integrator requirements (Ø270x400 cylinder, stud height 400-800 mm, attitude ±20°) match IS §7 verbatim; untestable-by-nature in the harness (requirements levied on integrators, not sim behavior).; note: The ±20° attitude's harness realization gap is H-17's row (D-032(e) exclusion recorded), not a D-024 defect.",,lane:D,2026-08-11
D-038,F,"Gate-cell trial count: N = 5,000 (DOE addendum to D-032; 2026-08-09)",DECISIONS.md D-038,,sim/results/freeze_prior_v1/MANIFEST.json:10,,CONFORMS,"Untestable-by-nature (executed-count decision), verified from artifacts: manifest plan 'tiers.gate_plan(20260808, 5000) [D-038]', gate.sha256 = 5,000 lines, freeze gate n=5000. Sizing re-computed: Wilson half-width 1.270pp at p=0.3, 0.605pp at p=0.05, as stated.",,lane:F2,2026-08-11
D-037,D,Closed-loop kinematic stage: holds are physically real (retires the T5 open-loop limitation; 2026-08-09),DECISIONS.md D-037,,sim/wyzantium_sim/kinematic/closed_loop.py:31,tests/test_closed_loop.py::TestHold::test_hold_freezes_position_and_shifts_arrivals,CONFORMS,"Hold freezes traversal while frames keep arriving; spatial path + D-019 error unchanged (arc-length indexed); walls fire on walker sim time (trial.py:199); handoff time is pause-aware walker end (trial.py:223,261); budget counts hold time (trial.py:178,292); aborts end at held position.",,lane:D,2026-08-11
D-036,A,Rows 3/4 ring persistence is a time window on the shared wall (closes H-18's third cause; 2026-08-09),DECISIONS.md D-036,,sim/wyzantium_sim/guidance/machine.py:165,tests/test_guidance.py::TestRow3InnerOccluded::test_good_ring_frame_resets_the_window,DEVIATES,"Window conforms within one approach (tested). But reset fires only for >=2-inner frames INSIDE 300mm and _ring_absent_since survives attempts: verified — attempt 2's first gap frame aborts despite 5s of continuous ring visibility at 320-350mm, violating 'continuously for 5 s'. Finding F-A01.",,lane:A,2026-08-11
D-035,A,conf_min is commit-scoped: the row-1 hold wall applies at inner range only (closes H-18's second cause; 2026-08-09),DECISIONS.md D-035,,sim/wyzantium_sim/guidance/machine.py:208,tests/test_guidance.py::TestRow1OuterOcclusion::test_outer_low_conf_detection_continues,CONFORMS,Conf wall scoped to range <= INNER_RANGE_MM exactly as ratified; outer-range detected frame continues regardless of conf (tested); commit predicate unchanged (gate.py); ambiguity rejection unchanged; dark frames governed by the D-034 wall.,,lane:A,2026-08-11
D-034,A,"IS §8 row 2 realized with persistence: sustained dark window, not single frame (closes H-18's dominant cause; 2026-08-09)",DECISIONS.md D-034,,sim/wyzantium_sim/guidance/machine.py:104,tests/test_guidance.py::TestRow2OuterDestroyed,DEVIATES,"Single-approach semantics conform and are tested. But _hold_since survives D-005 attempt boundaries: verified — after an attempt-1 abort with an open window, attempt 2's single dark blip escalates immediately, violating 'single blips are held frames, not aborts'. Finding F-A01.",,lane:A,2026-08-11
D-033,A,"IS8-18: insertion incomplete at encounter budget (extends §8; T9 review, 2026-08-08)",DECISIONS.md D-033,,sim/wyzantium_sim/classify/outcomes.py:171,tests/test_trial.py::test_budget_truncated_insertion_is_is8_18,CONFORMS,IS8-18 extended together across wire enum/taxonomy/table position 12; AttemptEnd.timed_out is the signature (trial.py:299); contact window clamped to remaining budget realizes the budget-sliver arm (trial.py:292); row-10 full_stroke tightening in place; both D-033 shapes classify.,,lane:A,2026-08-11
D-032,F,"DOE execution semantics: committed grids, seed rule, spend metering, resume (T10, 2026-08-08)",DECISIONS.md D-032,,sim/wyzantium_sim/doe/runner.py:88,tests/test_doe_kill_resume.py::test_mini_sweep_survives_kill_and_resumes_byte_identically,CONFORMS,"All six clauses verified: (a) grids data-only; (b) sha1 top-63 seed rule (tiers.py:55); (c) ceiling from spend_p02.json, atomic ledger, 2 hard stops; (d) validator resume oracle; (e) exclusions recorded (tier1.json, H-17); (f) abs pp (probes.py:48).",,lane:F2,2026-08-11
D-031,B,"Open-access literature substitution for the two paywalled dependencies (re-scopes P-06, P-07)",DECISIONS.md D-031,,sim/wyzantium_sim/perception/noise.py:12,tests/test_mr_ingest.py::test_sigma_px_is_detection_weighted_median_of_reproj_rms,CONFORMS-WITH-NOTE,"noise.py claims form-anchor only ('perception_prior Paper 5 anchors the functional form only'), magnitudes stay swept/MR-measured; reproj_rms_px replacement path implemented and weight-tested; no Kallwies dependency in perception/*.; note: D-031 reasserts '#40's sweep ... untouched', but the σ_px sweep is unrealizable in the harness (finding 3), so the reassertion is currently vacuous.",,lane:B,2026-08-11
D-030,A,`clean_miss` outcome predicate (closes H-14),DECISIONS.md D-030,,sim/wyzantium_sim/classify/outcomes.py:117,tests/test_outcomes.py::TestPrecedencePairs::test_earlier_row_wins[IS8-1-over-clean_miss],CONFORMS,"All four clauses: (a) via table position under success, (b) no contact/refusal/abort, (c) both arms leave handoff_reached False, (d) residual position; refusal path lands IS8-1 never clean_miss (designed-exclusion pair); unmatched raises with the trace as amendment evidence.",,lane:A,2026-08-11
D-029,A,"""Moderate degradation"" defined numerically — the kill-gate cell (closes H-13)",DECISIONS.md D-029,,sim/scenarios/gate_moderate.json:5,tests/test_scenarios.py::test_gate_moderate_matches_d029_committed_band,CONFORMS,"Band transcribed verbatim (outer {30,40}%, inner {30,40,50}%, {50,100} lux, rain 10-20%, dropout 0.05+bursts, lens 10-25%, no knockout); independently transcribed test; harness reads the JSON only.",,lane:A,2026-08-11
D-028,C,"Feasibility-window semantics: intersection, not verdict (repairs the #63 mandate)",DECISIONS.md D-028,,sim/wyzantium_sim/analysis/feasibility.py:43,tests/test_analysis.py::TestFeasibility::test_band_and_intersection,CONFORMS,"Two-sided window; infeasible only on empty intersection (None only when lo>hi); emits window/band/intersection/mask as data with ARCH §6.7 pointer in the source string; (mu_trac, m_rv) tuple order; mu_trac vs mu_contact never share a symbol; pinned cross-check k_max~16.82 asserted.",,lane:C,2026-08-11
D-027,C,Funnel compliance topology RATIFIED: T1 — rigid steel funnel on a compliant instrumented base mount (closes H-04),DECISIONS.md D-027,,sim/wyzantium_sim/contact/mujoco_engine.py:144,tests/test_engine_conformance.py::TestItem5ClosedFormSanity::test_spring_deflection_matches_k,CONFORMS-WITH-NOTE,"Builder realizes ratified T1: rigid stud free body + rigid hollow faceted funnel on 3 slides + 3 hinges with stiffness/damping/limited ranges = one 6-DOF spring-damper + hard stops; IS8-17 observable realized in runner.py:137; deflection-vs-k pinned closed-form.; note: Uncommitted constants (damping 0.7, K_rot 500, stop travel, inertias, facets) labeled arbitrary only in the module docstring (lines 22-29, 55-66); no HOLES/PHASE1_PARAMETERS entry. R4 tow-load path is Phase 2, correctly absent.",,lane:C,2026-08-11
D-026,C,Stiffness and head mass are swept; Phase 1 outputs a required-stiffness band,DECISIONS.md D-026,,sim/wyzantium_sim/contact/engine.py:31,tests/test_contact_engine.py::TestT1ModelSpec::test_sweep_axes_are_explicit_ctor_args,CONFORMS-WITH-NOTE,"k and M_eff are explicit T1ModelSpec ctor args; tier1.json grids match D-026 verbatim ({1,3,10,30,70} N/mm, {8,15,30} kg); required-stiffness band realized in analysis/feasibility.py:30, pinned by test_analysis.py::TestFeasibility.; note: Low-k band edge is exposed to the uncommitted HARD_STOP_TRANS_M placeholder — see finding (k=1,3 cells bottom the ±35 mm stop during ordinary transients; k>=10 never touch it).",,lane:C,2026-08-11
D-025,B,"Cam B obliquity: 30°, justified band [15°, 45°]",DECISIONS.md D-025,,sim/wyzantium_sim/perception/sightings.py:31,tests/test_sightings.py::TestNominalConstellation::test_inner_tag_geometry_hand_check,CONFORMS-WITH-NOTE,"Cam B extrinsic (PARAMS[18], yaw 30° inside [15,45]) consumed via position; mr_ingest realizes MR-003's oblique arm (cam_position axial|oblique validated, mr_ingest.py:142); transcription itself is lane F's P-18.; note: Yaw has no injected-model consumer — view angle is tag-normal-vs-LOS (right quantity under D-007) and no FOV cone is modeled, a labeled code-level choice (sightings.py:12); obliquity's effect enters through geometry.",,lane:B,2026-08-11
D-004,A,Three-stage terminal guidance,DECISIONS.md D-004,,sim/wyzantium_sim/guidance/machine.py:216,tests/test_trial.py::test_nominal_trial_succeeds_first_attempt,CONFORMS,"Three stages wired: outer/inner servo split at 200mm (matches P-25), contact-force-guided stage 3 (sub-handoff frames reject rather than abort, tested); stage vocab is wire enum (test_target_state_stages_are_wire_enum); no dead-reckoning pose source exists.",,lane:A,2026-08-11
D-005,A,Retry loop,DECISIONS.md D-005,,sim/wyzantium_sim/guidance/machine.py:78,tests/test_guidance.py::TestRetryGeometry::test_backout_and_offset_applied,CONFORMS,"300mm backout (+x), aim corrected against force-weighted measured contact offset (contact_offset_mm tested), attempt+1; trial applies measured offset only on contact retries, zero on perception aborts (trial.py:239,311-314); first_attempt_success reported separately (trial.py:321).",,lane:A,2026-08-11
D-006,D,Two-stage simulation,DECISIONS.md D-006,,sim/wyzantium_sim/kinematic/stage.py:34,tests/test_kinematic_stage.py::TestAnnulusMiss::test_synthetic_r_gt_160_is_kinematic_miss,CONFORMS,"Cheap kinematic stage to x=+50; contact runs only post-handoff (trial.py:293) and only for r<=160 crossings; r>160 -> miss_reason r_gt_annulus, no HandoffState, T9 classifies clean_miss (D-030). Capture plane + handoff vector specified per IS §6.",,lane:D,2026-08-11
D-007,B,"Perception is injected, not rendered",DECISIONS.md D-007,,sim/wyzantium_sim/perception/inject.py:66,tests/test_inject.py::test_nominal_outer_line_is_valid_and_sourced,CONFORMS,"Perception is a stochastic injected model over truth + geometric sightings; no renderer or imagery in perception/*; per-frame sampling from named substreams; injector built once per trial so retries consume fresh perception noise (chassis restart is the separate labeled limitation, trial.py:53-55).",,lane:B,2026-08-11
D-008,F,"Perception curves are literature-derived (B′)~~ — superseded by D-008-R, 2026-08-01",DECISIONS.md D-008,,DECISIONS.md:464,,N/A-SUPERSEDED,"Struck through with successor pointer 'superseded by D-008-R, 2026-08-01' and why-superseded text; D-008-R present at DECISIONS.md:476 (lane B row). Pass-through confirmed.",,lane:F2,2026-08-11
D-008-R,B,"Perception curves are measured where measurable, literature-derived where not",DECISIONS.md D-008-R,,sim/wyzantium_sim/perception/curves.py:38,tests/test_mr_ingest.py::test_build_does_not_register,CONFORMS,"prior_v1 committed; registry forbids in-place edits, protects baseline; behavior changes only via registry (test_curve_swap_changes_output_only_via_registry); mr_ingest pre-registers fits, raises MRDataError rather than invent; MR-002 relative-trend-only honored (mr_ingest.py:233-272).",,lane:B,2026-08-11
D-009,F,"No hardware purchases, binding, per NO_HARDWARE.md~~ — superseded by D-009-R, 2026-08-01",DECISIONS.md D-009,,DECISIONS.md:491,,N/A-SUPERSEDED,"Struck through with successor pointer 'superseded by D-009-R, 2026-08-01'; D-009-R present at DECISIONS.md:497. Pass-through confirmed.",,lane:F2,2026-08-11
D-009-R,F,No product hardware; instruments via measurement requests only,DECISIONS.md D-009-R,,DECISIONS.md:497,,CONFORMS,"Untestable-by-nature (procurement conduct). Repo contains no product-hardware artifacts; Phase-1 compute is cloud CPU under the P-02 ceiling (software spend, permitted); camera params remain assumed (D-012) throughout the harness.",,lane:F2,2026-08-11
D-010,F,"Fiducial family: AprilTag 36h11, reference C implementation",DECISIONS.md D-010,,research/data/perception_prior.md:57,,CONFORMS,"Untestable-by-nature in the harness: D-007 injects curves, no detector runs. The 36h11/AprilTag literature basis feeding prior_v1 is committed in perception_prior.md (Olson 2011, Wang&Olson 2016 incl. 36h11 FP table row).",,lane:F2,2026-08-11
D-011,B,Nested two-scale constellation,DECISIONS.md D-011,,sim/wyzantium_sim/perception/sightings.py:69,tests/test_sightings.py::TestNominalConstellation::test_inner_tag_geometry_hand_check,DEVIATES,"Constellation and collar rule conform (coplanar default = conservative case), but the flip-prone-single-tag qualification is realized backwards: lone inner tag carries span 0.11 → D=139 px, p_flip=0, ratio=93 vs H08's 1.4 px 'no solution at any angle'. Test pins the deviating span. Finding 1.; note: gate.py's independent ≥2-inner-tag count (lane A) shields the commit rule; damage lands in flip/ambiguity/conf statistics on sparse-constellation frames.",,lane:B,2026-08-11
D-012,B,"Simulated sensor parameters, assumed",DECISIONS.md D-012,,sim/wyzantium_sim/perception/inject.py:37,tests/test_sightings.py::TestNominalConstellation::test_outer_tag_geometry_hand_check,CONFORMS,"Focals from PARAMS 19/20 (1371/880 px = committed 70°/95° HFOV models); camera positions PARAMS 17/18 mm→m; roles A=outer/B=inner per D-012, labeled; Cam B off-axis position yields oblique sight lines, realizing the ambiguity-breaking claim; params labeled assumed (transcription is lane F).",,lane:B,2026-08-11
D-013,A,No non-visual fallback that produces metric pose,DECISIONS.md D-013,,sim/wyzantium_sim/guidance/gate.py:66,tests/test_guidance.py::TestCommitPredicate::test_pose_absent_cannot_commit,CONFORMS,"Absent pose can never commit ('committing is acting'); row 4 escalates without consuming an attempt (TestRow4 asserts attempt_n==1); escalation carries imagery + human recommendation, never a pose; no silhouette/non-visual pose producer in the codebase.",,lane:A,2026-08-11
D-014,F,Headline Phase 1 output is a sensitivity curve,DECISIONS.md D-014,,sim/wyzantium_sim/analysis/curves.py:60,tests/test_analysis.py::TestSensitivity::test_golden_marginal_values,CONFORMS-WITH-NOTE,"Sensitivity curves (not a single rate) are the emitted headline: per-axis Wilson-CI curves over 22 tier-1 axes, committed as freeze_prior_v1/figures/d014_*.png + index.json.; note: Realized as per-axis marginals over detection-degrading axes; the literal 'success vs assumed detection rate' abscissa is assembled at REPORT (T13) from these + committed curves.",,lane:F2,2026-08-11
D-015,D,"Capture envelope at the capture plane: ±35 mm positional, ±10° angular",DECISIONS.md D-015,,sim/wyzantium_sim/params.py:66,tests/test_geometry.py::test_constants_equal_params_entries,CONFORMS-WITH-NOTE,"±35 mm/±10° transcribed as Params 21/22; realized through the derived funnel geometry (mouth Ø220 = 2×(35+20+55), geometry.py:15, cross-checked vs params).; note: Envelope is a derivation input, not directly consumed by the kinematic loop — realization is via the D-016 derived dimensions, per D-015's consequence clause.",,lane:D,2026-08-11
D-016,D,"Provisional interface dimension set (assumed, Phase 2 verifies)",DECISIONS.md D-016,,sim/wyzantium_sim/geometry.py:12,tests/test_geometry.py::test_constants_equal_params_entries,CONFORMS,"All D-016 dimensions (stud 25/40/90, funnel 220/42/180, plate 200x200, tags 150@+185 / 8x10@r55) equal the doc values; docstring marks changes as recorded decision revisions.",,lane:D,2026-08-11
WF-C1,E,Version check:,WIRE_FORMAT consumer checklist item 1,,sim/wirefmt/validator.py:205,tests/test_validator_target_state.py::test_unknown_version_rejected,CONFORMS,v==1 enforced at the validator (205) and re-checked at the gate (gate.py:49-50); negative fixture missing_version.ndjson rejected for 'v must be' via tests/test_fixtures.py parametrized corpus.,,lane:E,2026-08-11
WF-C2,E,Required fields present:,WIRE_FORMAT consumer checklist item 2,,sim/wirefmt/validator.py:78,tests/test_validator_target_state.py::test_missing_required_field_named_in_error,CONFORMS,"All six required target_state fields checked (validator.py:78-80); gate re-checks REQUIRED_FIELDS before commit (gate.py:28,51-52); parametrized test covers each field's absence.",,lane:E,2026-08-11
WF-C3,E,Frame verification:,WIRE_FORMAT consumer checklist item 3,,sim/wyzantium_sim/guidance/gate.py:36,tests/test_guidance.py::TestHeadingSector::test_nominal_antiparallel_is_zero,CONFORMS,"pose is consumed AS T_head_stud (heading vs stud +X, IS §4 anti-parallel nominal); consumers needing world frame transform explicitly (trial_logger.py:83-84, recoverability pinned by test_trial_logger.py::TestWorldConvention).",,lane:E,2026-08-11
WF-C4,E,Staleness check:,WIRE_FORMAT consumer checklist item 4,,sim/wyzantium_sim/guidance/machine.py:122,,NOT-REALIZED,No consumer reads t_emit or applies a staleness bound; closed_loop.walk delivers frames at capture time (closed_loop.py:59-60). Probe: seeds 101/202/303 at latency 10 vs 100 ms — diffs confined to t_emit/header bytes; outcomes and t_total identical.; note: Latency (#38) is a swept Tier-1 axis in freeze_prior_v1 yet is behaviorally inert — see finding 1; the exact fake-flat-curve hazard D-032(e) excluded host pitch/roll for (H-17).,,lane:E,2026-08-11
WF-C5,E,Confidence gate:,WIRE_FORMAT consumer checklist item 5,,sim/wyzantium_sim/guidance/gate.py:44,tests/test_guidance.py::TestCommitPredicate::test_each_conjunct_is_necessary,CONFORMS,#30 predicate exact (multi_tag_fused ∧ inner_servo ∧ conf ≥ min) plus ≥2 inner tags and D-018 sector before any actuation; trial.py:206-211 commits only on gate.commit_allowed; conf-hold path in machine.py:208-213.,,lane:E,2026-08-11
WF-C6,E,Omitted-field handling:,WIRE_FORMAT consumer checklist item 6,,sim/wirefmt/validator.py:187,tests/test_validator_target_state.py::test_relayed_null_rejected_by_validator_too,CONFORMS-WITH-NOTE,"Nulls rejected recursively at validator and writer; gate treats absent pose as no-commit (gate.py:65-69); injector omits structurally (inject.py:128-131).; note: machine.observe defaults required fields via .get (conf→0.0 machine.py:130, pose_source→'none' machine.py:162) — safe only because the producer-strict logger validates every line upstream; item 6's named fields (pose/fault/degradation) are never defaulted.",,lane:E,2026-08-11
WF-C7,E,Unknown fields:,WIRE_FORMAT consumer checklist item 7,,sim/wirefmt/records.py:56,tests/test_records.py::test_unknown_fields_are_preserved_and_stable,CONFORMS,Unknown fields never validation errors (validator.py:5) and preserved after known keys in first-seen order at the writer; test pins preservation plus round-trip stability; test_validator_target_state.py::test_unknown_top_level_field_is_not_an_error covers ignore.,,lane:E,2026-08-11
A6-1,F,The sensitivity curve,ARCHITECTURE §6.1,,sim/results/freeze_prior_v1/figures/index.json:1,tests/test_analysis.py::TestSensitivity::test_golden_marginal_values,CONFORMS-WITH-NOTE,"Exists as data: 22 d014_*.png Wilson-CI sensitivity curves + index.json (curve_set prior_v1, n=4400) committed under freeze_prior_v1/figures/.; note: D-014 detection-rate framing assembled at REPORT; underlying per-axis data all present.",,lane:F2,2026-08-11
A6-2,F,Failure taxonomy,ARCHITECTURE §6.2,,sim/results/freeze_prior_v1/freeze_summary.json:11,tests/test_analysis.py::TestSplitsAndCensus::test_census,CONFORMS,Every failed trial classified to an IS8 row: per-tier censuses keyed IS8-x in freeze_summary.json (tier1 457 IS8-1/17 IS8-3; gate 4997+3) + failure_distribution.png; classifier raises on unmatched (lane A owns semantics).,,lane:F2,2026-08-11
A6-3,F,"First-attempt and multi-attempt distributions, reported separately",ARCHITECTURE §6.3,,sim/wyzantium_sim/analysis/curves.py:134,tests/test_analysis.py::TestSplitsAndCensus::test_first_vs_overall,CONFORMS,first_attempt_success reported separately in every tier block of freeze_summary.json (e.g. tier1 0.8830 vs 0.8923) and index.json d005_splits; attempts_per_encounter is a swept tier-1 axis.,,lane:F2,2026-08-11
A6-4,F,"Committed, reproducible dataset",ARCHITECTURE §6.4,,sim/results/freeze_prior_v1/MANIFEST.json:2,tests/test_doe_kill_resume.py::test_mini_sweep_survives_kill_and_resumes_byte_identically,CONFORMS-WITH-NOTE,"MANIFEST commits code sha, engine/instance, plans, seed rule; 13,400-line per-record sha256 lists + dataset.digest; same-seed byte identity test-pinned.; note: Raw records not retained (wording owned by G-2); regeneration verifiable only at the freeze SHA and same platform — my local probe confirms HEAD-side regeneration cannot match the digests (see S-10).",,lane:F2,2026-08-11
A6-5,F,Replayable trial artifacts,ARCHITECTURE §6.5,,sim/results/tier3_prior_v1/README.md:1,tests/test_replay.py::test_artifact_labeled_and_traceable,CONFORMS,"One artifact per class observed in the freeze (success, IS8-1, IS8-2, IS8-3): 4 GIF+JSON pairs; sidecars carry trial_id, code_git_sha (a2a5bab doc-only descendant, README-documented), source record path, label 'simulated'.",,lane:F2,2026-08-11
A6-6,F,The refusal-rate vs. damage-risk tradeoff curve,ARCHITECTURE §6.6,,sim/wyzantium_sim/analysis/curves.py:96,tests/test_analysis.py::TestRefusalDamage::test_golden_tradeoff_values,CONFORMS,"D-017 curve exists as data: refusal_damage() over the conf_min_attempt marginal (7 thresholds in tier-1), committed as freeze_prior_v1/figures/d017_tradeoff.png with success/refusal/contact-failure/false-capture series.",,lane:F2,2026-08-11
A6-7,F,The required-stiffness band and the feasibility intersection,ARCHITECTURE §6.7,,sim/results/freeze_prior_v1/feasibility_63.json:1,tests/test_analysis.py::TestFeasibility::test_band_and_intersection,CONFORMS,"Committed emission: required band [1,70] N/mm at threshold 0.60, all 9 (mu_trac, m_rv) class windows, masks over the D-026 grid, intersections; interpretation deferred to ARCH §6.7 per D-028 (source string states it).",,lane:F2,2026-08-11
FT-P01,A,IS8-16,FAILURE_TAXONOMY precedence item 1,,sim/wyzantium_sim/classify/outcomes.py:137,tests/test_outcomes.py::TestDocTranscription::test_doc_order_equals_table_order,CONFORMS,"IS8-16 at position 1; transcription test pins TABLE to FAILURE_TAXONOMY row-for-row; overlap pairs 16/success, 16/17, 16/1, 16/18 tested.",,lane:A,2026-08-11
FT-P02,A,IS8-11,FAILURE_TAXONOMY precedence item 2,,sim/wyzantium_sim/classify/outcomes.py:140,tests/test_outcomes.py::TestDocTranscription::test_doc_order_equals_table_order,CONFORMS,"IS8-11 at position 2, pre-success (pair tested), before IS8-12 (pair tested); no-producer label verified by grep.",,lane:A,2026-08-11
FT-P03,A,IS8-12,FAILURE_TAXONOMY precedence item 3,,sim/wyzantium_sim/classify/outcomes.py:143,tests/test_outcomes.py::TestPrecedencePairs::test_earlier_row_wins[IS8-12-over-success],CONFORMS,"IS8-12 at position 3, pre-success (pair tested); no-producer label verified by grep.",,lane:A,2026-08-11
FT-P04,A,success,FAILURE_TAXONOMY precedence item 4,,sim/wyzantium_sim/classify/outcomes.py:146,tests/test_outcomes.py::TestPrecedencePairs::test_earlier_row_wins[success-over-IS8-17],CONFORMS,"Position 4: any latch in budget wins over remaining failure rows so a recovering retry is a success (pairs success/17, success/3, success/18 tested); t<=T structural: contact max_time_s clamped to remaining budget (trial.py:292-296).",,lane:A,2026-08-11
FT-P05,A,IS8-17,FAILURE_TAXONOMY precedence item 5,,sim/wyzantium_sim/classify/outcomes.py:149,tests/test_outcomes.py::TestPrecedencePairs::test_earlier_row_wins[IS8-17-over-IS8-10],CONFORMS,IS8-17 at position 5; jam-at-depth-is-a-jam pair vs IS8-10 tested; order pinned by transcription test.,,lane:A,2026-08-11
FT-P06,A,IS8-13,FAILURE_TAXONOMY precedence item 6,,sim/wyzantium_sim/classify/outcomes.py:152,tests/test_outcomes.py::TestPrecedencePairs::test_earlier_row_wins[IS8-13-over-IS8-8],CONFORMS,"IS8-13 at position 6, global-before-local ordering tested; no producer (grep-verified, doc-labeled).",,lane:A,2026-08-11
FT-P07,A,IS8-8,FAILURE_TAXONOMY precedence item 7,,sim/wyzantium_sim/classify/outcomes.py:155,tests/test_outcomes.py::TestPrecedencePairs::test_earlier_row_wins[IS8-8-over-IS8-6],CONFORMS,"IS8-8 at position 7, before local wrench reads (pair tested); no producer (grep-verified, doc-labeled).",,lane:A,2026-08-11
FT-P08,A,IS8-6,FAILURE_TAXONOMY precedence item 8,,sim/wyzantium_sim/classify/outcomes.py:158,tests/test_outcomes.py::TestPrecedencePairs::test_earlier_row_wins[IS8-6-over-IS8-9],CONFORMS,"IS8-6 at position 8 (pair tested); no producer (grep-verified, doc-labeled).",,lane:A,2026-08-11
FT-P09,A,IS8-9,FAILURE_TAXONOMY precedence item 9,,sim/wyzantium_sim/classify/outcomes.py:161,tests/test_outcomes.py::TestPrecedencePairs::test_earlier_row_wins[IS8-9-over-IS8-7],CONFORMS,"IS8-9 at position 9, most local contact anomaly (pair tested); no producer (grep-verified, doc-labeled).",,lane:A,2026-08-11
FT-P10,A,IS8-7,FAILURE_TAXONOMY precedence item 10,,sim/wyzantium_sim/classify/outcomes.py:164,tests/test_outcomes.py::TestDocTranscription::test_doc_order_equals_table_order,CONFORMS,"IS8-7 at position 10, absence-of-evidence after presence rows; no producer (grep-verified, doc-labeled).",,lane:A,2026-08-11
FT-P11,A,IS8-10,FAILURE_TAXONOMY precedence item 11,,sim/wyzantium_sim/classify/outcomes.py:167,tests/test_outcomes.py::TestPrecedencePairs::test_earlier_row_wins[IS8-10-over-IS8-18],CONFORMS,"IS8-10 at position 11; full_stroke required (D-020 positional predicate, not mere contact — D-033 tightening); pairs vs IS8-18 and IS8-1 tested.",,lane:A,2026-08-11
FT-P12,A,IS8-18,FAILURE_TAXONOMY precedence item 12,,sim/wyzantium_sim/classify/outcomes.py:171,tests/test_outcomes.py::TestPrecedencePairs::test_earlier_row_wins[IS8-18-over-IS8-1],CONFORMS,"IS8-18 at position 12, after IS8-10, before perception rows (contact evidence outranks stream-shape inference — pair tested).",,lane:A,2026-08-11
FT-P13,A,IS8-2,FAILURE_TAXONOMY precedence item 13,,sim/wyzantium_sim/classify/outcomes.py:176,tests/test_outcomes.py::TestPrecedencePairs::test_earlier_row_wins[IS8-2-over-IS8-1],CONFORMS,IS8-2 at position 13: total outer loss (outer_tag_seen has no silent default on Trace) outranks partial degradation (pair tested); trial.py:197 sets outer_seen on any ID-0 detection.,,lane:A,2026-08-11
FT-P14,A,IS8-4,FAILURE_TAXONOMY precedence item 14,,sim/wyzantium_sim/classify/outcomes.py:179,tests/test_outcomes.py::TestPrecedencePairs::test_earlier_row_wins[IS8-4-over-IS8-3],CONFORMS,"IS8-4 at position 14 on terminal inner_ring_absent escalation, over the exhaustion shape (pair tested).",,lane:A,2026-08-11
FT-P15,A,IS8-14,FAILURE_TAXONOMY precedence item 15,,sim/wyzantium_sim/classify/outcomes.py:182,tests/test_outcomes.py::TestPrecedencePairs::test_earlier_row_wins[IS8-14-over-IS8-5],CONFORMS,"IS8-14 at position 15 (pair tested); no producer (grep-verified, doc-labeled).",,lane:A,2026-08-11
FT-P16,A,IS8-5,FAILURE_TAXONOMY precedence item 16,,sim/wyzantium_sim/classify/outcomes.py:185,tests/test_outcomes.py::TestPrecedencePairs::test_earlier_row_wins[IS8-5-over-IS8-3],CONFORMS,"IS8-5 at position 16: terminal escalation OR proximate last-abort ambiguity, incl. final-attempt conversion via Decision.underlying_abort (machine.py:112-117, trial.py:230-233, TestUnderlyingAbort). Direct ambiguity escalation has no trial producer; table total by design.",,lane:A,2026-08-11
FT-P17,A,IS8-3,FAILURE_TAXONOMY precedence item 17,,sim/wyzantium_sim/classify/outcomes.py:190,tests/test_outcomes.py::TestPrecedencePairs::test_earlier_row_wins[IS8-5-over-IS8-3],CONFORMS,IS8-3 at position 17 via _last_abort == inner_ring_absent; canonical two-abort exhaustion trace tested; success-over-IS8-3 recovery pair tested.,,lane:A,2026-08-11
FT-P18,A,IS8-1,FAILURE_TAXONOMY precedence item 18,,sim/wyzantium_sim/classify/outcomes.py:193,tests/test_outcomes.py::TestPrecedencePairs::test_earlier_row_wins[IS8-1-over-clean_miss],CONFORMS,IS8-1 at position 18: low_confidence escalation or any gate refusal (_low_confidence_shape); D-030 refusal-never-clean_miss pinned by the designed-exclusion pair test (loser row asserted non-matching).,,lane:A,2026-08-11
FT-P19,A,clean_miss,FAILURE_TAXONOMY precedence item 19,,sim/wyzantium_sim/classify/outcomes.py:196,tests/test_outcomes.py::TestTableShape::test_clean_miss_is_the_residual_row,CONFORMS,clean_miss last; all four D-030 clauses checked or held by position (outcomes.py:117-126); anything else raises UnclassifiedFailure (TestUnclassifiedRaises incl. shape-row-matches cases and 'command' abort).,,lane:A,2026-08-11
T-T0,G,"Scaffolding: pyproject, pytest, lint — gate: suite green empty; packages import",PHASE1_PLAN §4 T0,,sim/pyproject.toml:1,"tests/ (full suite: 582 passed, 8 skipped at HEAD)",CONFORMS,"Gate as written ('suite green empty; packages import') exceeded: wirefmt+wyzantium_sim import clean; .venv/bin/python -m pytest -q = 582 passed, 8 skipped (Newton skips per plan §2).; note: Task text names 'lint' but no lint tool/config exists anywhere; the verification gate does not require it, so noted only.",,lane:G,2026-08-11
T-T1,E,`wirefmt`: schemas + golden fixture + validator + writer** … — gate: golden validates; each negative fixture rejected for its stated reason; write→parse→write…,PHASE1_PLAN §4 T1,,sim/wirefmt/validator.py:199,tests/test_fixtures.py::test_negative_fixture_rejected_for_stated_reason,CONFORMS,"Golden validates clean; 17-file negative corpus each rejected for its manifest-stated reason, with a manifest-coverage test; write→parse→write byte-identical; 114 wirefmt/logger tests pass at anchor. Corpus spans version, type, required fields, enums, PSD, omitted-not-zeroed, file shape.",,lane:E,2026-08-11
T-T2,F,`params.py` + scenario loader — gate: transcription test: 65/65 equal to doc values; `sweep_point` serializer covers every §9/§…,PHASE1_PLAN §4 T2,,sim/wyzantium_sim/scenarios.py:16,tests/test_scenarios.py::test_axis_list_matches_literal_transcription,CONFORMS,"Gate met: 65/65 double-entry transcription independently re-verified by this lane; SWEEP_AXES == literal AXES covering all 9 settable §9 axes + all 15 §9.1 params + curve_set; view angle/range excluded by §9's 'trajectory-induced' wording; 76 tests pass; note: σ_px is not a §9/§9.1 table axis, so the T2 gate as written is satisfied; its #40 sweep gap is filed under P-40 finding",,lane:F1,2026-08-11
T-T3,D,frames/geometry/rng — gate: transform property tests; tag table == IS §3.5; substream independence,PHASE1_PLAN §4 T3,,sim/wyzantium_sim/frames.py:33,tests/test_frames.py::test_compose_matches_sequential_application,CONFORMS,"All three gate legs pinned and green: transform property tests (test_frames), tag table == IS §3.5 (test_geometry, independent transcription), substream independence + order-independence (test_rng). 59/59 lane tests pass at HEAD.",,lane:D,2026-08-11
T-T4a,D,"D-019 chassis error — gate: statistical gates: GM correlation ≈2 m, Poisson arrivals, exponential slip, ×{0.5,1,2} sc…",PHASE1_PLAN §4 T4a,,sim/wyzantium_sim/kinematic/chassis_error.py:64,tests/test_chassis_error.py::test_gauss_markov_correlation_length,CONFORMS-WITH-NOTE,"GM autocorr ≈ e^-1 at 2 m lag, exponential slip SD/mean ≈ 1, x{0.5,1,2} exact-proportionality + committed values, slip persistence, envelope tracking, axis independence — all pass.; note: Poisson leg asserts mean rate only; dispersion assertion is dead code (finding 4, class T).",,lane:D,2026-08-11
T-T4b,B,Perception injection (all models + seam) — gate: each model vs its committed formula; every emitted line passes `wirefmt`; non-detections …,PHASE1_PLAN §4 T4b,,sim/wyzantium_sim/perception/inject.py:84,tests/test_perception_models.py (formula gates) + tests/test_inject.py (wirefmt/omission gates),CONFORMS-WITH-NOTE,"All four stated gates green (65 tests pass): each model pinned to its committed formula; every emitted line passes the producer-strict validator; non-detections omit pose/pose_cov/tags; t_emit and cadence pinned; mud_f_c/flip_kappa are sweep axes, not CurveSet fields.; note: Formulas conform module-locally; the flip model's D input (span) is mis-fed at the sightings→inject seam (findings 1-2), and the third seam axis, sigma_px, is not actually sweepable (finding 3).",,lane:B,2026-08-11
T-T4c,C,Engine adapters + conformance suite — gate: suite passes on chosen engine; Newton-vs-MuJoCo decision committed with suite output,PHASE1_PLAN §4 T4c,,tests/test_engine_conformance.py:43,tests/test_engine_conformance.py::TestItem4Determinism::test_same_seed_twice_bit_identical,CONFORMS-WITH-NOTE,"Suite engine-parameterized, passes on MuJoCo at HEAD (34 passed, 8 Newton skips, run 2026-08-11); all five §3 items present, double-entry transcribed; Newton stub honest (raises with provisioned-instance message, labeled everywhere referenced).; note: Gate half 'Newton-vs-MuJoCo decision committed with suite output' unmet as written: Newton never provisioned, no suite-output artifact. Openly recorded (freeze MANIFEST engine line + D-039 draft waiver, PENDING_HUMAN P-08(a)) — a recorded pending decision, not a silent deviation.",,lane:C,2026-08-11
T-T5,D,Kinematic stage + handoff — gate: nominal run hands off at x=+50 mm; synthetic r>160 mm → clean_miss; `HandoffState` fields…,PHASE1_PLAN §4 T5,,sim/wyzantium_sim/kinematic/stage.py:152,tests/test_kinematic_stage.py::TestNominalHandoff::test_hands_off_exactly_at_x50,CONFORMS,"Nominal run hands off with head center at x=+50 within 1e-6; synthetic off-aim -> r_gt_annulus miss, no HandoffState; field-list == IS §6 asserted in test_contact_engine.py; speeds sweep reaches the stage; handoff feeds MuJoCo at the exact pose.",,lane:D,2026-08-11
T-T6,A,Gate + guidance state machine — gate: table-driven: commit predicate exact; §8 rows 1–5 stream patterns → specified responses; …,PHASE1_PLAN §4 T6,,sim/tests/test_guidance.py:1,tests/test_guidance.py::TestCommitPredicate::test_each_conjunct_is_necessary,CONFORMS,"All gate clauses realized: commit predicate exact (conjunct necessity, threshold equality, strict >=2-inner, pose-absent), rows 1-5 stream patterns -> responses (5 test classes), retry geometry, budget -> escalate, heading ±20° boundary. 163 tests pass at HEAD.",,lane:A,2026-08-11
T-T7,C,Contact stage — gate: centered handoff latches (D-020); offset handoff → wrench sign matches; symmetric wedge f…,PHASE1_PLAN §4 T7,,sim/wyzantium_sim/contact/runner.py:81,tests/test_contact_runner.py::TestSymmetricWedgeJam::test_wedge_fires_is8_17,CONFORMS,"All four T7 gate items asserted and green: centered handoff latches; offset wrench sign (±y); symmetric wedge fires IS8-17 with abort_reason jam_detected; lip radii in [110,125]; plus the T9 full_stroke fix pinned (off-axis depth crossing is not a stroke).",,lane:C,2026-08-11
T-T8,E,`trial.py` + logger end-to-end — gate: full record validates line-by-line; #59 cadence asserted; **same seed twice → byte-identi…,PHASE1_PLAN §4 T8,,sim/wyzantium_sim/trial.py:127,tests/test_trial.py::TestTheGate::test_full_record_validates_line_by_line,CONFORMS,"All three T8 gate assertions pass at anchor: line-by-line validation, #59 cadence both sides of handoff, same-seed byte-identity (fresh and reused engine). mm→m seam verified single-conversion: trial.py:191 converts once before the injector; logger owns sim_truth /1000 (TestUnitSeams).",,lane:E,2026-08-11
T-T9,A,"Outcome classifier — gate: one constructed trace per class (success, IS8-1..17, clean_miss) → exactly that class; pr…",PHASE1_PLAN §4 T9,,sim/tests/test_outcomes.py:55,tests/test_outcomes.py::TestOneTracePerClass::test_canonical_covers_exactly_the_table,CONFORMS,"One canonical trace per class incl. IS8-18 (D-033), minimality vs every earlier row, 26 precedence pairs proven genuinely overlapping, unmatched raises, IS8-15 per the recorded gate note (unreachable + enum retained), doc transcription pinned row-for-row.",,lane:A,2026-08-11
T-T10,F,DOE runner + probes — gate: 50-trial mini-sweep survives kill/resume; tier cell counts correct; convergence probe hal…,PHASE1_PLAN §4 T10,,sim/wyzantium_sim/doe/runner.py:120,tests/test_doe_kill_resume.py::test_mini_sweep_survives_kill_and_resumes_byte_identically,CONFORMS,All four gate clauses test-pinned and passing (75 passed this session): 50-trial SIGKILL/resume byte-identical vs control; tier cell counts double-entry (88 cells); convergence halts <1pp (exact-1pp does not halt); spend meter trips on synthetic overrun before anything runs.,,lane:F2,2026-08-11
T-T11,E,"Replay + A-007 artifacts — gate: replay bit-identical; artifact generated from a record, labeled *simulated*, carries tria…",PHASE1_PLAN §4 T11,,sim/wyzantium_sim/replay/verify.py:40,tests/test_replay.py::TestVerify::test_replay_is_bit_identical,CONFORMS-WITH-NOTE,"Replay from header (seed/SHA/engine/sweep_point/solver) is bit-identical; tamper case diverges; artifact labeled SIMULATED, carries trial_id, sidecar traces to the source record (TestArtifact).; note: Bit-identity is pinned same-process/same-platform only; cross-platform regeneration of the frozen dataset measurably diverges — finding 3.",,lane:E,2026-08-11
T-T12,F,"Analysis + charts — gate: golden mini-dataset → known curve values; **#63 pinned cross-check reproduced: (μ_trac, m…",PHASE1_PLAN §4 T12,,sim/wyzantium_sim/analysis/feasibility.py:25,tests/test_analysis.py::TestFeasibility::test_63_pinned_cross_check,CONFORMS,"Golden mini-dataset curve values asserted (sensitivity, tradeoff, splits, census); #63 pinned cross-check reproduced with explicit tolerance approx(16.82, abs=0.02): (0.2, 300kg) -> k_max 16.817 -> {30,70} masked false, matching committed feasibility_63.json.",,lane:F2,2026-08-11
T-T13,G,"REPORT assembly + CLAIMS rows — gate: every ARCH §6.1–6.7 output present, traceable to committed files",PHASE1_PLAN §4 T13,,sim/REPORT.md:1,,NOT-REALIZED,"REPORT assembly + CLAIMS rows not built — REPORT.md is a stub, no ARCH §6.1-6.7 output assembled. This is the recorded post-swap plan (HOW-FAR-ALONG; P-03/P-08 sequencing). Honest NOT-REALIZED per charter; only defect is the stub's false first line (F-001).",,lane:G,2026-08-11
C-01,G,"The Army asked industry, in writing, for autonomous recovery of disabled vehicles under DDIL (June 2026 RFI)",CLAIMS.md C-01,,CLAIMS.md:13,,CONFORMS,"research/RFI_ACC-APG.md exists; EVIDENCED status accurate at HEAD. Doc-only row, untestable-by-nature (no code binding).",,lane:G,2026-08-11
C-02,G,No funded recovery program exists yet — the RFI is AAL market research; recovery is not a named prototype mission set,CLAIMS.md C-02,,CLAIMS.md:14,,CONFORMS,"research/FOLLOW_ON.md exists; A-008 recorded at MASTER_CONTEXT.md:484. Doc-only row, untestable-by-nature.",,lane:G,2026-08-11
C-03,G,"Five vendors selected for Project Sustainment, July 2026, via NAMC",CLAIMS.md C-03,,CLAIMS.md:15,,CONFORMS,"research/VENDORS.md exists; EVIDENCED accurate. Doc-only row, untestable-by-nature.",,lane:G,2026-08-11
C-04,G,MIL-STD-3078 and STUB standardize nothing platform-side; a recovery/docking interface is genuine white space,CLAIMS.md C-04,,CLAIMS.md:16,,CONFORMS,"PARTIAL status honest: MIL-PRF-32383/7 gap named; P-04 still open in PENDING_HUMAN.md. Doc-only row, untestable-by-nature.",,lane:G,2026-08-11
C-05,G,Latch tension rating 15 kN,CLAIMS.md C-05,,CLAIMS.md:17,,CONFORMS,"D-003-R(a) at DECISIONS.md:34 states 15 kN latch tension; ASSERTED-until-Phase-2 accurate. Doc-only row, untestable-by-nature.; note: Evidence cites D-003-R correctly; contrast the stale bare-D-003 pointers found under G-6.",,lane:G,2026-08-11
C-06,G,"Stud neck bending governs; 462 N·m design moment, SF ≈ 2.2 at the ±20° sector edge",CLAIMS.md C-06,,CLAIMS.md:18,,CONFORMS,"IS §2.1 derivation present (INTERFACE_SPEC.md:45-50: 462 N-m, SF ~2.2 at 20 deg, 1.5 at 30 deg); PARTIAL accurate. Doc-only row, untestable-by-nature.",,lane:G,2026-08-11
C-07,G,Mud degrades detection per the D-023 model,CLAIMS.md C-07,,CLAIMS.md:19,,CONFORMS,"ASSERTED pending MR-001 still accurate: P-03 unapproved, no MR data landed (mr_ingest.py is ingest scaffolding only, no mr_v1 data committed). Doc-only row, untestable-by-nature.",,lane:G,2026-08-11
C-08,G,"Camera parameters (1920×1200 global-shutter mono, stated FOVs/extrinsics)",CLAIMS.md C-08,,CLAIMS.md:20,,CONFORMS,"D-012/D-025 assumed-camera basis unchanged; ASSERTED accurate. Doc-only row, untestable-by-nature.",,lane:G,2026-08-11
C-09,G,Robot-first recovery beats sending soldiers whenever docking success exceeds the robot-to-human sortie risk ratio (~10–35% across the swept…,CLAIMS.md C-09,,CLAIMS.md:21,,CONFORMS,"studies/C09_VALUE_THRESHOLD.md exists; A-010 at MASTER_CONTEXT.md:506; retired phrasing 'simulation shows value at 40%' greps clean repo-wide. Doc-only row, untestable-by-nature.",,lane:G,2026-08-11
C-10,G,A standardized interface converts open-ended grasping into constrained docking (§1.2 thesis),CLAIMS.md C-10,,CLAIMS.md:22,,CONFORMS,"H08 study + STANDARDS + IDSS/SSP citations present; PARTIAL ('Phase 1 measures it') accurate pre-swap. Doc-only row, untestable-by-nature.",,lane:G,2026-08-11
C-11,G,"Useful before it's perfect — refusal is cheap, wrong insertion is expensive",CLAIMS.md C-11,,CLAIMS.md:23,,CONFORMS,"PARTIAL accurate: D-017 curve exists only pre-swap (analysis built T12); final within-sortie pricing correctly still pending. Doc-only row, untestable-by-nature.",,lane:G,2026-08-11
C-12,G,"WyZantium's T1 architecture (rigid capture geometry, compliance + instrumentation in the base) matches three independent prior-art traditio…",CLAIMS.md C-12,,CLAIMS.md:24,,CONFORMS,"All six prior-art citations present at INTERFACE_SPEC.md:90-110; D-031 Stage B caveat wording matches P-06/P-07 ledger state. Doc-only row, untestable-by-nature.",,lane:G,2026-08-11
C-13,G,"Traction, not stud bending, sets the compliance stiffness ceiling",CLAIMS.md C-13,,CLAIMS.md:25,,CONFORMS,"H04 Addendum A2 (studies/H04_FUNNEL_COMPLIANCE.md:138-140) shows 353 N-m < 462 N-m; static-only caveat consumed by ARCH §6.7 (ARCHITECTURE.md:130-134) as stated. Doc-only row, untestable-by-nature.",,lane:G,2026-08-11
C-14,G,Phase 1's perception model is **swept across the plausible range** (literature-anchored where the corpus allows — `research/data/perception…,CLAIMS.md C-14,,CLAIMS.md:26,,CONFORMS,"perception_prior.md Paper 5 (Adamek 2023) committed with FORM-only anchoring; sanctioned sweep phrasing consistent with #39/#40 and D-014. Doc-only row, untestable-by-nature.; note: IS §10 item 5 still says 'literature-derived' internally; tension noted under ISS-09, not a C-14 status error.",,lane:G,2026-08-11
ISS-01,D,"IS §4 frame conventions (quaternion w,x,y,z; head_frame +x boresight)",INTERFACE_SPEC §4,,sim/wyzantium_sim/kinematic/stage.py:37,tests/test_kinematic_stage.py::TestNominalHandoff::test_nominal_orientation_is_anti_parallel,DEVIATES,"Quaternion order and T_A_B algebra conform (frames.py, test_frames green); but nominal engagement is Ry(180°), mapping plate-up to head-down vs §4's +Z defs read with §7 level attitude. Probe: outer-tag view angle 62.4° vs 14.8° at handoff. Finding 1 (class B).; note: The pinning test double-enters the same wrong value, citing only 'anti-parallel'.",,lane:D,2026-08-11
ISS-02,D,IS §3.5 tag-ID→transform table transcribed exactly,INTERFACE_SPEC §3.5,,sim/wyzantium_sim/geometry.py:47,tests/test_geometry.py::test_inner_ring_centers_follow_the_spec_rule,CONFORMS,"Exact §3.5 rule: ID0 at (0,0,+185); IDs 1-8 at (h,-55 sin a,+55 cos a), a=45°(k-1), clockwise-from-+Z sign verified by hand; q=(.5,.5,.5,.5) gives +Z_tag∥+X_stud, +Y_tag∥+Z_stud; h_c moves ring only; ID block 0-15 w/ row-14 rejection basis.",,lane:D,2026-08-11
ISS-03,B,IS §3.4 ID/variant block; wrong-ID rejection basis,INTERFACE_SPEC §3.4,,sim/wyzantium_sim/classify/outcomes.py:182,tests/test_outcomes.py (IS8-14 constructed trace),CONFORMS-WITH-NOTE,"Variant block 0 realized as ids 0-8 (9-15 reserved, never emitted); injector cannot produce out-of-block IDs; IS8-14 classifier signature exists, test-pinned; producer absence committed in FAILURE_TAXONOMY ('no Phase 1 producer') — ratified non-realization, not H-17 style.; note: fp_rate_per_image (1.4e-5, #39) rides in CurveSet but is never consumed: ~0.4 expected false decodes per 15-min trial not injected. Covered by the same no-producer ratification; flagged for lane G's consistency sweep.",,lane:B,2026-08-11
ISS-04,D,"IS §5 tolerance budget allocations = sweep centers (×{0.5,1,2} via D-019)",INTERFACE_SPEC §5,,sim/wyzantium_sim/scenarios.py:16,tests/test_chassis_error.py::test_scale_sweep_is_exact_proportionality,DEVIATES,"Chassis contributor's x{0.5,1,2} fully realized (axis + tier1.json cells + proportionality test); perception covered under a different name (σ_px #40); mount ±3 mm/±1° realized nowhere, excluded by no recorded decision though §5 claims 'sweeps each'. Finding 2 (class E).",,lane:D,2026-08-11
ISS-05,D,IS §6 capture plane x=+50mm; HandoffState field list; 160mm annulus,INTERFACE_SPEC §6,,sim/wyzantium_sim/kinematic/handoff.py:17,tests/test_contact_engine.py::TestHandoffState::test_fields_are_exactly_the_is6_list,CONFORMS,"x=+50 trigger exact (head-center crossing, 1e-6); 160 mm annulus enforced; HandoffState is exactly the six IS §6 fields, frozen. r evaluated at the crossing not the capture plane — labeled arbitrary, consistent with §6's own 5 mm drift reserve in the 160 derivation.",,lane:D,2026-08-11
ISS-06,C,"IS §6 lip band radial [110,125]mm consistency with IS8-16 detection",INTERFACE_SPEC §6,,sim/wyzantium_sim/contact/runner.py:117,tests/test_contact_runner.py::TestLipStrike::test_lip_band_contact_flagged_before_crossing,CONFORMS,"Band [110,125] single-sourced (geometry.py:21, params #12, spec.lip_band_mm builds the lip ring); runner flags per-contact radius in-band about the DISPLACED funnel axis only before the displaced capture plane — matches IS §6 and IS8-16; soft-base displaced-axis case pinned.",,lane:C,2026-08-11
ISS-07,D,IS §7 mounting assumptions vs D-024 envelope,INTERFACE_SPEC §7,,"INTERFACE_SPEC.md §7 (doc row, untestable-by-nature)",,CONFORMS,"IS §7 == D-024: free cylinder Ø270x400 mm, stud height 400-800 mm, attitude ±20° matching the §9 sweep, lunette/15 kN member; all marked ASSUMED-unvalidated consistently. Attitude realization gap is H-17's row.",,lane:D,2026-08-11
ISS-08,F,IS §9/§9.1 sweep axes all realized in harness or excluded by recorded decision (H-17 lens),INTERFACE_SPEC §9,,sim/wyzantium_sim/scenarios.py:16,tests/test_scenarios.py::test_axis_list_matches_literal_transcription,CONFORMS-WITH-NOTE,"Every settable §9 axis + all 15 §9.1 params in SWEEP_AXES and tier1 grids; pitch/roll excluded by recorded decision (D-032(e)/H-17, tier1.json excluded block, test-pinned); view angle/range trajectory-induced per §9's own coverage rows.; note: sigma_px sits outside §9/§9.1 so this row conforms, but the #40 swept-axis contract is unrealized with no recorded exclusion — filed as a finding.",,lane:F2,2026-08-11
ISS-09,G,IS §10 known weaknesses still accurate at HEAD,INTERFACE_SPEC §10,,INTERFACE_SPEC.md:374,,DEVIATES,"IS §10 item 11 says compliance 'unratified... every contact-model number downstream is pending' — contradicted by same doc's §2.3 header 'RATIFIED: T1 (D-027, 2026-08-02)' (line 66) and 13,400 frozen contact trials. Items 1-2 stale D-003 pointers counted under G-6.; note: Item 5 'literature-derived' wording is in tension with C-14's sanctioned phrasing but defensible as internal weakness statement; noted, not a finding.",,lane:G,2026-08-11
ISS-10,A,"IS §2.3 confidence-gated abort: refuse→imagery→human, no non-visual metric pose",INTERFACE_SPEC §2.3,,sim/wyzantium_sim/guidance/machine.py:45,tests/test_guidance.py::TestRow2OuterDestroyed::test_sustained_darkness_escalates_with_imagery,CONFORMS-WITH-NOTE,"Escalate = refuse + imagery_ref + recommend human_decision (_ESCALATION, schema-required; synthetic ref labeled per D-007); no non-visual metric pose exists anywhere (injector pose_source enum only; gate refuses absent pose, gate.py:66).; note: IS's own §2.3 is funnel compliance; the 'confidence-gated abort §2.3' language lives in the IS §8 preamble and MASTER_CONTEXT — dangling anchor, lane G pointer-integrity territory.",,lane:A,2026-08-11
ISS-11,C,IS §2.1 load-path derivation consistency with T1 model constants,INTERFACE_SPEC §2.1,,sim/wyzantium_sim/contact/mujoco_engine.py:68,tests/test_contact_engine.py::TestT1ModelSpec::test_committed_geometry,CONFORMS,"IS §2.1 stud geometry matches T1 constants by double-entry: neck 25 capsule, spherical head 40, exposed 90 → head center +70 mm; round-trips in test_mujoco_engine.py. §2.1 load ratings are Phase-2 items with no Phase 1 contact realization required; stud_mass 300 kg labeled arbitrary.",,lane:C,2026-08-11
ISS-12,B,IS §3.2 20px robust-decode floor = curves.detection_onset_px,INTERFACE_SPEC §3.2,,sim/wyzantium_sim/perception/curves.py:30,tests/test_perception_models.py::test_prior_v1_is_registered,CONFORMS-WITH-NOTE,"detection_onset_px = 20.0 equals the IS §3.2 floor, test-pinned; zero-below-floor pinned (test_detection_zero_below_decode_floor); floor carried unmodified into mr_v1 (mr_ingest.py:350).; note: Constant is right but the pixel extent it gates uses the 110 mm constellation span for inner tags, so the floor binds at ~4.8 m instead of ~0.44 m — IS §3.3 arithmetic violated at composition (finding 2).",,lane:B,2026-08-11
WF-S1,E,Omitted-not-zeroed rule (pose without pose_cov ⇒ pose-absent; worked failure example),WIRE_FORMAT §fields,,sim/wirefmt/validator.py:86,tests/test_validator_target_state.py::test_pose_without_pose_cov_rejected,CONFORMS,"pose-without-pose_cov rejected (86-88), zeroed placeholder pose caught via unit-quaternion rule (45), nulls rejected at validator and writer; also structural — inject.py:128-131 omits pose/pose_cov/tags on non-detection; fixtures zeroed_pose/pose_without_cov/null_field.",,lane:E,2026-08-11
WF-S2,E,"Canonical NDJSON writer: shortest round-trip floats, fixed key order, LF (#60 byte-identity)",WIRE_FORMAT; #60,,sim/wirefmt/records.py:51,tests/test_records.py::test_round_trip_is_byte_identical,CONFORMS,"Fixed WIRE_FORMAT key order, compact separators, json shortest round-trip floats, LF-only atomic writer (records.py:60-71); golden fixture re-serializes byte-identically (test_fixtures.py::test_golden_trial_round_trips_byte_identically); float repr pinned.",,lane:E,2026-08-11
WF-S3,E,"sim_truth cadence: every physics step post-handoff, every kinematic step pre-handoff (#59)",WIRE_FORMAT; #59,,sim/wyzantium_sim/logging/trial_logger.py:90,tests/test_trial.py::TestTheGate::test_59_cadence_pre_handoff,CONFORMS,One sim_truth per kinematic grid arrival pre-handoff (trial.py:213-216 via closed_loop on_truth) and one per physics step() post-handoff (counted by CountingEngine in ::test_59_cadence_post_handoff); both cadence tests pass at anchor.,,lane:E,2026-08-11
WF-S4,E,trial_result.false_capture optional additive field (H-16) populated on IS8-16 sub-path,WIRE_FORMAT; H-16,,sim/wyzantium_sim/classify/outcomes.py:222,tests/test_outcomes.py::TestFalseCapture::test_striking_leg_latch_is_false_capture,CONFORMS,"false_capture computed only on the IS8-16 row (striking leg's own latch), emitted only when not None (trial_logger.py:108-109), validator forbids it off IS8-16 (validator.py:174-176); golden fixture exercises the true case; recovery-leg counterexample tested.",,lane:E,2026-08-11
WF-S5,E,trial_header #33 solver block + compute-instance identity + curve_set in sweep_point,WIRE_FORMAT; #33/#58,,sim/wirefmt/records.py:19,,DEVIATES,"#33 solver block written (trial.py:163) and curve_set double-entry checked (trial.py:131-133), but compute-instance identity appears nowhere: not in schema, canonical order, validator, or trial.py header — ARCH §5 says it lands in every trial_header.; note: See finding 2. Dataset-level 'instance' in freeze MANIFEST.json partially mitigates but is not the per-trial header the clause commits.",,lane:E,2026-08-11
A4-1,C,Conformance: offset stud drop — wrench recovers sign+magnitude-ordering of lateral offset,PHASE1_PLAN §3 (1),,tests/test_engine_conformance.py:119,tests/test_engine_conformance.py::TestItem1LateralOffsetRecovery::test_wrench_recovers_offset_sign,CONFORMS-WITH-NOTE,"Sign asserted on wall_wrench f_y at offsets ±30/±60 mm; magnitude-ordering asserted on per-contact-point radii (rho_60 > rho_30 + 15 mm).; note: Ordering rides per-point geometry, not net-wrench magnitude — defensible: on a constant-half-angle cone net-wrench magnitude cannot order the offset, and PHASE1_PLAN §3's rationale names per-point data as the mechanism. Prosecuted a T finding; killed as ill-posed as-written.",,lane:C,2026-08-11
A4-2,C,Conformance: symmetric throat wedge — high-axial/near-zero-lateral signature observable,PHASE1_PLAN §3 (2),,tests/test_engine_conformance.py:134,tests/test_engine_conformance.py::TestItem2SymmetricWedge::test_high_axial_near_zero_lateral,CONFORMS,"Constructed wedge (throat 38 < head 40, labeled — committed geometry passes by design); asserts f_ax ≈ stud weight, f_lat < 5% f_ax, stud settled — the IS8-17 split exactly.",,lane:C,2026-08-11
A4-3,C,"Conformance: lip-band strike — contact radius within [110,125]mm",PHASE1_PLAN §3 (3),,tests/test_engine_conformance.py:156,tests/test_engine_conformance.py::TestItem3LipBandStrike::test_contact_radius_within_band,CONFORMS-WITH-NOTE,"Drop at band midpoint 117.5 mm; every contact point asserted within [110,125] mm with approach-side normal.; note: Band edges carry ±3 mm numerical slack (facet discretization/mount motion) — a test tolerance, not a band redefinition.",,lane:C,2026-08-11
A4-4,E,Conformance: determinism — same seed twice → identical trajectories (replay contract),PHASE1_PLAN §3 (4),,sim/wyzantium_sim/contact/mujoco_engine.py:1,tests/test_engine_conformance.py::TestItem4Determinism::test_same_seed_twice_bit_identical,CONFORMS-WITH-NOTE,"Conformance item 4 passes on MuJoCo (contact exercised, trajectories bit-identical); full-record determinism pinned end-to-end by test_trial.py::TestTheGate::test_same_seed_twice_byte_identical and the reused-engine variant.; note: Newton leg skips on the M4 by design (engine-parameterized suite; P-08/D-039 draft names MuJoCo engine of record). Determinism is same-platform — cross-platform scope is finding 3.",,lane:E,2026-08-11
A4-5,C,Conformance: spring/restitution/friction sanity vs closed-form single-contact cases,PHASE1_PLAN §3 (5),,tests/test_engine_conformance.py:203,tests/test_engine_conformance.py::TestItem5ClosedFormSanity::test_restitution_rebound_tracks_e,CONFORMS,All three closed-form checks asserted: deflection = m·g/k (rel 0.15); sliding Coulomb median ≈ mu at 0.2/0.5; rebound ratio tracks e at 0.3/0.8 with ordering — matches the documented solref restitution mapping.,,lane:C,2026-08-11
A5-1,F,A-004: both $/1k measurements committed (CPU leg only exists — P-08(a) waiver pending),PHASE1_PLAN §3; ARCH §5,,sim/results/a004/c7i.8xlarge-spot-us-east-1c.json:1,,DEVIATES,"ARCH §5/PHASE1_PLAN §3 require both CPU and GPU $/1k measurements committed; only the CPU leg exists ($0.009502/1k). MANIFEST records 'Newton pending GPU quota'. P-08(a) drafts the D-039 waiver but it is unratified at HEAD, so the clause is unmet at freeze.; note: Finding filed; disposition already queued as PENDING_HUMAN P-08(a).",,lane:F2,2026-08-11
A5-2,F,P-02: runner meters cumulative spend against $100 ceiling; ledger cross-foots,PHASE1_PLAN §2 doe/; A-011,,sim/wyzantium_sim/doe/runner.py:44,tests/test_doe_runner.py::TestSpendMeter::test_imminent_overrun_trips_before_the_crossing_trial,CONFORMS,"Meter enforces the $100 spend_p02.json ceiling (projected + imminent trips, both raising). Ledger cross-foots exactly: 12,800 trials x $0.0094/1k (rate committed at e2a8050) + 13,400 x $0.0095022/1k = $0.24764905 = ledger value to the last digit.",,lane:F2,2026-08-11
X-1,F,"Exit: ≥10,000 committed trials",PHASE1_PLAN §7,,sim/results/freeze_prior_v1/MANIFEST.json:20,,CONFORMS,"Artifact row, untestable-by-nature: committed counts 4,400+4,000+5,000 = 13,400 >= 10,000; independently confirmed by wc -l on the three sha256 lists (4400/4000/5000 lines).",,lane:F2,2026-08-11
X-2,F,Exit: ARCH §6.1–6.7 outputs present,PHASE1_PLAN §7,,sim/results/freeze_prior_v1/figures/index.json:1,,CONFORMS-WITH-NOTE,"All ARCH §6.1-6.7 outputs exist as committed data at HEAD: d014 curves, censuses, splits, MANIFEST+digests, tier3 replay artifacts, d017 tradeoff, feasibility_63.json (rows A6-1..7).; note: REPORT assembly is T13; the stub's false header is F-001 (lane G). Exit criterion satisfied at the data layer only.",,lane:F2,2026-08-11
X-3,F,Exit: gate computed only against pre-committed gate_moderate.json (D-029 verbatim transcription),PHASE1_PLAN §7; D-029,,sim/wyzantium_sim/doe/tiers.py:153,tests/test_scenarios.py::test_gate_band_is_not_hardcoded_anywhere_in_wyzantium_sim,CONFORMS,"gate_plan reads the band from scenarios.load_gate_moderate() only; a test greps the package for hardcoded band literals; gate tests read the file, no literals; frozen gate ran gate_plan(20260808, 5000) per MANIFEST. gate_moderate.json matches the D-029 table.",,lane:F2,2026-08-11
X-4,G,Exit: every REPORT claim traceable to a committed file,PHASE1_PLAN §7,,sim/REPORT.md:1,,NOT-REALIZED,"REPORT is a one-line stub, so 'every REPORT claim traceable' has no object yet. Recorded plan: T13 assembles post-swap (HOW-FAR-ALONG, ROADMAP curve-swap protocol). Honest deferral; the stub line's false content is F-001.",,lane:G,2026-08-11
X-5,G,Exit: CLAIMS rows landed with replay artifacts (A-007),PHASE1_PLAN §7,,CLAIMS.md:11,,NOT-REALIZED,"No Phase-1-result CLAIMS rows yet (register is C-01..C-14, pre-result). A-007 artifacts exist pre-swap (tier3_prior_v1, 4 classes) so the mechanism is proven; rows land with post-swap results per ROADMAP deliverables. Recorded deferral, no finding.",,lane:G,2026-08-11
X-6,E,Exit: three load-bearing tests pass before any committed DOE run (golden round-trip; same-seed byte-identical; #63 pinned cross-check),PHASE1_PLAN §7,,PHASE1_PLAN.md:186,tests/test_fixtures.py::test_golden_trial_round_trips_byte_identically,CONFORMS-WITH-NOTE,"All three load-bearing tests pass at anchor (run 2026-08-11): golden round-trip; test_trial.py::TestTheGate::test_same_seed_twice_byte_identical; test_analysis.py::TestFeasibility::test_63_pinned_cross_check (k_max≈16.82).; note: The 'before any committed DOE run' ordering is procedural: no runner/CLI preflight executes the three tests (doe/runner.py, doe/__main__.py) and the freeze MANIFEST carries no suite-green attestation. Untestable-by-nature beyond present-tense passage.",,lane:E,2026-08-11
H-17,D,Host pitch/roll swept axes unrealized in harness; D-029 marginalization currently a no-op,HOLES.md H-17,,sim/wyzantium_sim/scenarios.py:19,,NOT-REALIZED,"Confirmed: host_pitch/roll_deg are SWEEP_AXES entries on every header, but grep finds zero consumers (absent from trial.py _INJECTOR_KEYS, KinematicStage, contact); trial_logger.py:12 docstring admits it. D-032(e) exclusion + HOLES H-17 OPEN is the recorded mitigation — no duplicate F-NNN raised.",,lane:D,2026-08-11
FT-15X,A,IS8-15 unreachable as classifier output while remaining in wire enum (test-enforced),FAILURE_TAXONOMY §precedence,,sim/wyzantium_sim/classify/outcomes.py:9,tests/test_outcomes.py::TestIS815Excluded::test_table_covers_every_wire_outcome_except_comms,CONFORMS,Test-enforced: table outcome set == validator.OUTCOMES - {IS8-15}; IS8-15 kept in wire enum (tested); doc states the exclusion inside the bounded precedence section (test_doc_states_the_is8_15_exclusion).,,lane:A,2026-08-11
G-1,G,freeze_prior_v1/MANIFEST.json provenance fields accurate (known: $0-expansion mangle line 18),sim/results/freeze_prior_v1,,sim/results/freeze_prior_v1/MANIFEST.json:18,,DEVIATES,"F-002 confirmed: records_storage ends '...rate: ~/bin/zsh.13.' ($0 heredoc expansion). All else verified: counts 4400+4000+5000=13400; sha256 of the three .sha256 lists match dataset_digest; code_git_sha = freeze b493e7a.; note: Corrected figure recoverable: 13,400 x $0.009502167853532263/1k (sim/results/a004) = $0.1273 -> original text '~$0.13.'",,lane:G,2026-08-11
G-2,G,"records_storage 'not retained' vs ARCH §6.4 'committed, reproducible dataset' wording",ARCH §6.4,,ARCHITECTURE.md:111,,DEVIATES,"ARCH §6.4 promises 'seeds, parameters, and results sufficient to re-run any trial bit-identically'; MANIFEST.json:18 says records 'not retained' — only digests + summaries committed. Regeneration closure meets the intent, not the wording.; note: Class E regeneration-closure clarification proposed per lane charter; frozen bytes untouched.",,lane:G,2026-08-11
G-3,G,tier3_prior_v1 artifacts: regeneration at doc-only descendant SHA auditable from sidecars,sim/results/tier3_prior_v1,,sim/results/tier3_prior_v1/README.md:11,,CONFORMS-WITH-NOTE,"All 4 sidecars stamp code_git_sha a2a5bab; git diff b493e7a..a2a5bab over code tree is empty (doc-only descendant, as README discloses). Seed recoverable from trial_id (trial.py:117-120); plans committed — regeneration auditable.; note: Hygiene wart: every sidecar source_record points to a dead session scratchpad path — see finding F-G3.",,lane:G,2026-08-11
G-4,G,HOW-FAR-ALONG / ROADMAP / PENDING_HUMAN status lines accurate at HEAD,HOW-FAR-ALONG.md,,HOW-FAR-ALONG.md:8,,CONFORMS,"All checkable figures verified: 13,400 trials; gate 0%/5,000 all-refusal (freeze_summary census IS8-1:4997, IS8-3:3); clean 89.2%; ~$0.25 ledger; T11-T12 built; ROADMAP + PENDING_HUMAN current at 2026-08-11. Doc-only row, untestable-by-nature.",,lane:G,2026-08-11
G-5,G,tools/charts.py location (repo root) vs PHASE1_PLAN §2 table placement,PHASE1_PLAN §2,,tools/charts.py:1,tests/test_analysis.py::TestCharts::test_render_all_writes_figures_and_index,CONFORMS-WITH-NOTE,"PHASE1_PLAN.md:64 reads literally 'tools/charts.py'; file lives at repo-root tools/charts.py, thin CLI over tested wyzantium_sim.analysis.charts. Table heading says harness dir but already mixes repo-relative paths (sim/scenarios/); literal path wins.",,lane:G,2026-08-11
G-6,G,Superseded-decision pointer integrity (struck rows name successors; no orphan references),DECISIONS.md,,DECISIONS.md:26,,DEVIATES,"Struck rows clean: D-003/D-008/D-009 all name successors with dates; D-008/D-009 have no external orphans. But bare 'D-003' citations persist at ARCHITECTURE.md:13 and INTERFACE_SPEC.md:37,41,357,358 where the live decision is D-003-R.",,lane:G,2026-08-11
